REGIAO,ITEM,PROGSAUDE,STATUS,QTDE,DT_ENTREGA,QTDE_UF
NORTE,DIFOSFATO DE CLOROQUINA 150MG,COVID-19,ER,5000,2020-03-31 00:00:00.000,174500
NORTE,DIFOSFATO DE CLOROQUINA 150MG,COVID-19,ER,5000,2020-04-18 00:00:00.000,174500
NORTE,DIFOSFATO DE CLOROQUINA 150MG,COVID-19,ER,8000,2020-05-15 00:00:00.000,174500
NORTE,DIFOSFATO DE CLOROQUINA 150MG,COVID-19,ER,15000,2020-08-07 00:00:00.000,174500
NORTE,DIFOSFATO DE CLOROQUINA 150MG,COVID-19,ER,79000,2020-06-14 00:00:00.000,174500
NORTE,DIFOSFATO DE CLOROQUINA 150MG,COVID-19,ER,79000,2020-08-07 00:00:00.000,174500
NORTE,DIFOSFATO DE CLOROQUINA 150MG,COVID-19,M,-16500,2020-10-28 00:00:00.000,174500
NORTE,FOSFATO DE OSELTAMIVIR 30MG,INFLUENZA,ER,150,2020-08-12 00:00:00.000,261660
NORTE,FOSFATO DE OSELTAMIVIR 30MG,INFLUENZA,ER,1000,2020-04-27 00:00:00.000,261660
NORTE,FOSFATO DE OSELTAMIVIR 30MG,INFLUENZA,ER,1000,2020-08-13 00:00:00.000,261660
NORTE,FOSFATO DE OSELTAMIVIR 30MG,INFLUENZA,ER,1810,2020-03-25 00:00:00.000,261660
NORTE,FOSFATO DE OSELTAMIVIR 30MG,INFLUENZA,ER,2000,2020-11-03 00:00:00.000,261660
NORTE,FOSFATO DE OSELTAMIVIR 30MG,INFLUENZA,ER,5000,2020-05-08 00:00:00.000,261660
NORTE,FOSFATO DE OSELTAMIVIR 30MG,INFLUENZA,ER,7500,2020-07-03 00:00:00.000,261660
NORTE,FOSFATO DE OSELTAMIVIR 30MG,INFLUENZA,ER,7500,2020-12-15 00:00:00.000,261660
NORTE,FOSFATO DE OSELTAMIVIR 30MG,INFLUENZA,ER,8200,2020-01-20 00:00:00.000,261660
NORTE,FOSFATO DE OSELTAMIVIR 45MG,INFLUENZA,ER,1000,2021-03-29 00:00:00.000,261660
NORTE,FOSFATO DE OSELTAMIVIR 45MG,INFLUENZA,ER,1500,2020-11-03 00:00:00.000,261660
NORTE,FOSFATO DE OSELTAMIVIR 45MG,INFLUENZA,ER,3000,2020-06-04 00:00:00.000,261660
NORTE,FOSFATO DE OSELTAMIVIR 45MG,INFLUENZA,ER,3000,2020-08-13 00:00:00.000,261660
NORTE,FOSFATO DE OSELTAMIVIR 45MG,INFLUENZA,ER,5000,2020-09-15 00:00:00.000,261660
NORTE,FOSFATO DE OSELTAMIVIR 45MG,INFLUENZA,ER,5000,2020-09-18 00:00:00.000,261660
NORTE,FOSFATO DE OSELTAMIVIR 45MG,INFLUENZA,ER,7000,2020-08-12 00:00:00.000,261660
NORTE,FOSFATO DE OSELTAMIVIR 45MG,INFLUENZA,ER,7000,2020-12-15 00:00:00.000,261660
NORTE,FOSFATO DE OSELTAMIVIR 45MG,INFLUENZA,ER,8000,2020-01-21 00:00:00.000,261660
NORTE,FOSFATO DE OSELTAMIVIR 75MG,INFLUENZA,ER,3000,2020-04-27 00:00:00.000,261660
NORTE,FOSFATO DE OSELTAMIVIR 75MG,INFLUENZA,ER,4500,2020-07-07 00:00:00.000,261660
NORTE,FOSFATO DE OSELTAMIVIR 75MG,INFLUENZA,ER,4500,2020-08-13 00:00:00.000,261660
NORTE,FOSFATO DE OSELTAMIVIR 75MG,INFLUENZA,ER,5000,2020-05-08 00:00:00.000,261660
NORTE,FOSFATO DE OSELTAMIVIR 75MG,INFLUENZA,ER,5500,2020-03-25 00:00:00.000,261660
NORTE,FOSFATO DE OSELTAMIVIR 75MG,INFLUENZA,ER,10000,2020-11-03 00:00:00.000,261660
NORTE,FOSFATO DE OSELTAMIVIR 75MG,INFLUENZA,ER,12000,2020-08-12 00:00:00.000,261660
NORTE,FOSFATO DE OSELTAMIVIR 75MG,INFLUENZA,ER,15000,2020-07-03 00:00:00.000,261660
NORTE,FOSFATO DE OSELTAMIVIR 75MG,INFLUENZA,ER,15000,2020-08-07 00:00:00.000,261660
NORTE,FOSFATO DE OSELTAMIVIR 75MG,INFLUENZA,ER,15000,2020-09-15 00:00:00.000,261660
NORTE,FOSFATO DE OSELTAMIVIR 75MG,INFLUENZA,ER,15000,2020-09-18 00:00:00.000,261660
NORTE,FOSFATO DE OSELTAMIVIR 75MG,INFLUENZA,ER,30000,2020-08-12 00:00:00.000,261660
NORTE,FOSFATO DE OSELTAMIVIR 75MG,INFLUENZA,ER,30000,2020-12-15 00:00:00.000,261660
NORDESTE,DIFOSFATO DE CLOROQUINA 150MG,COVID-19,ER,2500,2020-03-30 00:00:00.000,69500
NORDESTE,DIFOSFATO DE CLOROQUINA 150MG,COVID-19,ER,5000,2020-04-27 00:00:00.000,69500
NORDESTE,DIFOSFATO DE CLOROQUINA 150MG,COVID-19,ER,5500,2020-08-24 00:00:00.000,69500
NORDESTE,DIFOSFATO DE CLOROQUINA 150MG,COVID-19,ER,24000,2020-05-05 00:00:00.000,69500
NORDESTE,DIFOSFATO DE CLOROQUINA 150MG,COVID-19,ER,30000,2020-07-20 00:00:00.000,69500
NORDESTE,DIFOSFATO DE CLOROQUINA 150MG,COVID-19,ER,380500,2020-06-05 00:00:00.000,69500
NORDESTE,DIFOSFATO DE CLOROQUINA 150MG,COVID-19,M,-28000,2020-10-28 00:00:00.000,69500
NORDESTE,DIFOSFATO DE CLOROQUINA 150MG,COVID-19,R,-350000,2020-09-04 00:00:00.000,69500
NORDESTE,FOSFATO DE OSELTAMIVIR 30MG,INFLUENZA,ER,500,2020-04-17 00:00:00.000,144500
NORDESTE,FOSFATO DE OSELTAMIVIR 30MG,INFLUENZA,ER,1000,2021-04-06 00:00:00.000,144500
NORDESTE,FOSFATO DE OSELTAMIVIR 30MG,INFLUENZA,ER,1500,2020-01-20 00:00:00.000,144500
NORDESTE,FOSFATO DE OSELTAMIVIR 30MG,INFLUENZA,ER,2000,2020-12-14 00:00:00.000,144500
NORDESTE,FOSFATO DE OSELTAMIVIR 30MG,INFLUENZA,ER,5000,2020-12-10 00:00:00.000,144500
NORDESTE,FOSFATO DE OSELTAMIVIR 30MG,INFLUENZA,ER,10000,2020-04-13 00:00:00.000,144500
NORDESTE,FOSFATO DE OSELTAMIVIR 45MG,INFLUENZA,ER,1000,2020-09-18 00:00:00.000,144500
NORDESTE,FOSFATO DE OSELTAMIVIR 45MG,INFLUENZA,ER,3500,2020-08-12 00:00:00.000,144500
NORDESTE,FOSFATO DE OSELTAMIVIR 45MG,INFLUENZA,ER,5000,2020-08-06 00:00:00.000,144500
NORDESTE,FOSFATO DE OSELTAMIVIR 45MG,INFLUENZA,ER,5000,2020-12-10 00:00:00.000,144500
NORDESTE,FOSFATO DE OSELTAMIVIR 45MG,INFLUENZA,ER,20000,2020-04-14 00:00:00.000,144500
NORDESTE,FOSFATO DE OSELTAMIVIR 75MG,INFLUENZA,ER,2000,2020-04-17 00:00:00.000,144500
NORDESTE,FOSFATO DE OSELTAMIVIR 75MG,INFLUENZA,ER,2000,2020-06-26 00:00:00.000,144500
NORDESTE,FOSFATO DE OSELTAMIVIR 75MG,INFLUENZA,ER,3000,2020-09-18 00:00:00.000,144500
NORDESTE,FOSFATO DE OSELTAMIVIR 75MG,INFLUENZA,ER,5000,2020-12-14 00:00:00.000,144500
NORDESTE,FOSFATO DE OSELTAMIVIR 75MG,INFLUENZA,ER,8000,2020-08-06 00:00:00.000,144500
NORDESTE,FOSFATO DE OSELTAMIVIR 75MG,INFLUENZA,ER,10000,2020-05-08 00:00:00.000,144500
NORDESTE,FOSFATO DE OSELTAMIVIR 75MG,INFLUENZA,ER,10000,2020-06-30 00:00:00.000,144500
NORDESTE,FOSFATO DE OSELTAMIVIR 75MG,INFLUENZA,ER,10000,2020-08-12 00:00:00.000,144500
NORDESTE,FOSFATO DE OSELTAMIVIR 75MG,INFLUENZA,ER,10000,2020-12-10 00:00:00.000,144500
NORDESTE,FOSFATO DE OSELTAMIVIR 75MG,INFLUENZA,ER,20000,2020-04-13 00:00:00.000,144500
NORTE,DIFOSFATO DE CLOROQUINA 150MG,COVID-19,ER,2000,2020-03-31 00:00:00.000,88000
NORTE,DIFOSFATO DE CLOROQUINA 150MG,COVID-19,ER,10000,2020-04-22 00:00:00.000,88000
NORTE,DIFOSFATO DE CLOROQUINA 150MG,COVID-19,ER,25000,2020-05-20 00:00:00.000,88000
NORTE,DIFOSFATO DE CLOROQUINA 150MG,COVID-19,ER,73500,2020-06-10 00:00:00.000,88000
NORTE,DIFOSFATO DE CLOROQUINA 150MG,COVID-19,M,-22500,2020-10-28 00:00:00.000,88000
NORTE,FOSFATO DE OSELTAMIVIR 30MG,INFLUENZA,ER,200,2020-07-10 00:00:00.000,65670
NORTE,FOSFATO DE OSELTAMIVIR 30MG,INFLUENZA,ER,350,2020-01-20 00:00:00.000,65670
NORTE,FOSFATO DE OSELTAMIVIR 30MG,INFLUENZA,ER,420,2020-03-27 00:00:00.000,65670
NORTE,FOSFATO DE OSELTAMIVIR 30MG,INFLUENZA,ER,500,2020-12-15 00:00:00.000,65670
NORTE,FOSFATO DE OSELTAMIVIR 30MG,INFLUENZA,ER,700,2020-07-10 00:00:00.000,65670
NORTE,FOSFATO DE OSELTAMIVIR 30MG,INFLUENZA,ER,2000,2020-06-29 00:00:00.000,65670
NORTE,FOSFATO DE OSELTAMIVIR 30MG,INFLUENZA,ER,2000,2020-12-16 00:00:00.000,65670
NORTE,FOSFATO DE OSELTAMIVIR 45MG,INFLUENZA,ER,500,2020-01-20 00:00:00.000,65670
NORTE,FOSFATO DE OSELTAMIVIR 45MG,INFLUENZA,ER,500,2020-12-15 00:00:00.000,65670
NORTE,FOSFATO DE OSELTAMIVIR 45MG,INFLUENZA,ER,1000,2020-09-14 00:00:00.000,65670
NORTE,FOSFATO DE OSELTAMIVIR 45MG,INFLUENZA,ER,3000,2021-04-01 00:00:00.000,65670
NORTE,FOSFATO DE OSELTAMIVIR 45MG,INFLUENZA,ER,3500,2020-12-16 00:00:00.000,65670
NORTE,FOSFATO DE OSELTAMIVIR 75MG,INFLUENZA,ER,1000,2020-07-10 00:00:00.000,65670
NORTE,FOSFATO DE OSELTAMIVIR 75MG,INFLUENZA,ER,2000,2020-08-13 00:00:00.000,65670
NORTE,FOSFATO DE OSELTAMIVIR 75MG,INFLUENZA,ER,3000,2020-07-10 00:00:00.000,65670
NORTE,FOSFATO DE OSELTAMIVIR 75MG,INFLUENZA,ER,7000,2020-05-01 00:00:00.000,65670
NORTE,FOSFATO DE OSELTAMIVIR 75MG,INFLUENZA,ER,9000,2020-06-29 00:00:00.000,65670
NORTE,FOSFATO DE OSELTAMIVIR 75MG,INFLUENZA,ER,9000,2021-04-01 00:00:00.000,65670
NORTE,FOSFATO DE OSELTAMIVIR 75MG,INFLUENZA,ER,20000,2020-12-16 00:00:00.000,65670
NORTE,DIFOSFATO DE CLOROQUINA 150MG,COVID-19,ER,10000,2020-07-28 00:00:00.000,511000
NORTE,DIFOSFATO DE CLOROQUINA 150MG,COVID-19,ER,11000,2020-03-31 00:00:00.000,511000
NORTE,DIFOSFATO DE CLOROQUINA 150MG,COVID-19,ER,50000,2020-04-16 00:00:00.000,511000
NORTE,DIFOSFATO DE CLOROQUINA 150MG,COVID-19,ER,110000,2020-05-04 00:00:00.000,511000
NORTE,DIFOSFATO DE CLOROQUINA 150MG,COVID-19,ER,200000,2020-06-04 00:00:00.000,511000
NORTE,FOSFATO DE OSELTAMIVIR 30MG,INFLUENZA,ER,1000,2020-07-06 00:00:00.000,960060
NORTE,FOSFATO DE OSELTAMIVIR 30MG,INFLUENZA,ER,3560,2020-05-08 00:00:00.000,960060
NORTE,FOSFATO DE OSELTAMIVIR 30MG,INFLUENZA,ER,4000,2020-04-03 00:00:00.000,960060
NORTE,FOSFATO DE OSELTAMIVIR 30MG,INFLUENZA,ER,5000,2020-04-03 00:00:00.000,960060
NORTE,FOSFATO DE OSELTAMIVIR 30MG,INFLUENZA,ER,5000,2020-06-26 00:00:00.000,960060
NORTE,FOSFATO DE OSELTAMIVIR 30MG,INFLUENZA,ER,10000,2020-04-13 00:00:00.000,960060
NORTE,FOSFATO DE OSELTAMIVIR 30MG,INFLUENZA,ER,20000,2020-12-30 00:00:00.000,960060
NORTE,FOSFATO DE OSELTAMIVIR 30MG,INFLUENZA,ER,30000,2021-01-05 00:00:00.000,960060
NORTE,FOSFATO DE OSELTAMIVIR 30MG,INFLUENZA,ER,36500,2020-04-13 00:00:00.000,960060
NORTE,FOSFATO DE OSELTAMIVIR 45MG,INFLUENZA,ER,1000,2020-07-31 00:00:00.000,960060
NORTE,FOSFATO DE OSELTAMIVIR 45MG,INFLUENZA,ER,2000,2020-02-25 00:00:00.000,960060
NORTE,FOSFATO DE OSELTAMIVIR 45MG,INFLUENZA,ER,5000,2020-01-22 00:00:00.000,960060
NORTE,FOSFATO DE OSELTAMIVIR 45MG,INFLUENZA,ER,9000,2021-01-18 00:00:00.000,960060
NORTE,FOSFATO DE OSELTAMIVIR 45MG,INFLUENZA,ER,20000,2020-04-03 00:00:00.000,960060
NORTE,FOSFATO DE OSELTAMIVIR 45MG,INFLUENZA,ER,20000,2020-12-30 00:00:00.000,960060
NORTE,FOSFATO DE OSELTAMIVIR 45MG,INFLUENZA,ER,35000,2021-01-05 00:00:00.000,960060
NORTE,FOSFATO DE OSELTAMIVIR 75MG,INFLUENZA,ER,3000,2020-07-01 00:00:00.000,960060
NORTE,FOSFATO DE OSELTAMIVIR 75MG,INFLUENZA,ER,4000,2020-05-08 00:00:00.000,960060
NORTE,FOSFATO DE OSELTAMIVIR 75MG,INFLUENZA,ER,4000,2020-06-26 00:00:00.000,960060
NORTE,FOSFATO DE OSELTAMIVIR 75MG,INFLUENZA,ER,4500,2020-07-06 00:00:00.000,960060
NORTE,FOSFATO DE OSELTAMIVIR 75MG,INFLUENZA,ER,5000,2020-04-03 00:00:00.000,960060
NORTE,FOSFATO DE OSELTAMIVIR 75MG,INFLUENZA,ER,5000,2020-06-26 00:00:00.000,960060
NORTE,FOSFATO DE OSELTAMIVIR 75MG,INFLUENZA,ER,12000,2020-02-04 00:00:00.000,960060
NORTE,FOSFATO DE OSELTAMIVIR 75MG ,INFLUENZA,ER,15500,2021-01-18 00:00:00.000,960060
NORTE,FOSFATO DE OSELTAMIVIR 75MG,INFLUENZA,ER,20000,2020-07-31 00:00:00.000,960060
NORTE,FOSFATO DE OSELTAMIVIR 75MG,INFLUENZA,ER,30000,2020-02-06 00:00:00.000,960060
NORTE,FOSFATO DE OSELTAMIVIR 75MG,INFLUENZA,ER,40000,2020-08-05 00:00:00.000,960060
NORTE,FOSFATO DE OSELTAMIVIR 75MG,INFLUENZA,ER,60000,2020-04-28 00:00:00.000,960060
NORTE,FOSFATO DE OSELTAMIVIR 75MG,INFLUENZA,ER,70000,2020-04-30 00:00:00.000,960060
NORTE,FOSFATO DE OSELTAMIVIR 75MG,INFLUENZA,ER,110000,2021-01-05 00:00:00.000,960060
NORTE,FOSFATO DE OSELTAMIVIR 75MG,INFLUENZA,ER,120000,2020-12-30 00:00:00.000,960060
NORTE,FOSFATO DE OSELTAMIVIR 75MG,INFLUENZA,ER,250000,2021-01-16 00:00:00.000,960060
NORTE,HIDROXICLOROQUINA 200MG,COVID-19,ER,10000,2021-01-15 00:00:00.000,511000
NORTE,HIDROXICLOROQUINA 200MG,COVID-19,ER,120000,2021-01-15 00:00:00.000,511000
NORDESTE,DIFOSFATO DE CLOROQUINA 150MG,COVID-19,ER,9000,2020-08-24 00:00:00.000,280500
NORDESTE,DIFOSFATO DE CLOROQUINA 150MG,COVID-19,ER,13500,2020-08-25 00:00:00.000,280500
NORDESTE,DIFOSFATO DE CLOROQUINA 150MG,COVID-19,ER,17000,2020-03-30 00:00:00.000,280500
NORDESTE,DIFOSFATO DE CLOROQUINA 150MG,COVID-19,ER,17000,2020-09-08 00:00:00.000,280500
NORDESTE,DIFOSFATO DE CLOROQUINA 150MG,COVID-19,ER,24000,2020-04-27 00:00:00.000,280500
NORDESTE,DIFOSFATO DE CLOROQUINA 150MG,COVID-19,ER,40000,2020-06-29 00:00:00.000,280500
NORDESTE,DIFOSFATO DE CLOROQUINA 150MG,COVID-19,ER,40000,2020-08-24 00:00:00.000,280500
NORDESTE,DIFOSFATO DE CLOROQUINA 150MG,COVID-19,ER,50000,2020-08-25 00:00:00.000,280500
NORDESTE,DIFOSFATO DE CLOROQUINA 150MG,COVID-19,ER,56500,2020-08-24 00:00:00.000,280500
NORDESTE,FOSFATO DE OSELTAMIVIR 30MG,INFLUENZA,ER,2500,2020-12-15 00:00:00.000,359170
NORDESTE,FOSFATO DE OSELTAMIVIR 30MG,INFLUENZA,ER,6000,2020-12-14 00:00:00.000,359170
NORDESTE,FOSFATO DE OSELTAMIVIR 30MG,INFLUENZA,ER,6500,2020-04-22 00:00:00.000,359170
NORDESTE,FOSFATO DE OSELTAMIVIR 30MG,INFLUENZA,ER,6570,2020-04-06 00:00:00.000,359170
NORDESTE,FOSFATO DE OSELTAMIVIR 30MG,INFLUENZA,ER,8000,2020-05-13 00:00:00.000,359170
NORDESTE,FOSFATO DE OSELTAMIVIR 30MG,INFLUENZA,ER,8500,2021-04-19 00:00:00.000,359170
NORDESTE,FOSFATO DE OSELTAMIVIR 30MG,INFLUENZA,ER,14310,2020-01-24 00:00:00.000,359170
NORDESTE,FOSFATO DE OSELTAMIVIR 30MG,INFLUENZA,ER,20290,2020-03-23 00:00:00.000,359170
NORDESTE,FOSFATO DE OSELTAMIVIR 45MG,INFLUENZA,ER,1000,2020-07-31 00:00:00.000,359170
NORDESTE,FOSFATO DE OSELTAMIVIR 45MG,INFLUENZA,ER,1000,2020-09-18 00:00:00.000,359170
NORDESTE,FOSFATO DE OSELTAMIVIR 45MG,INFLUENZA,ER,1500,2020-12-15 00:00:00.000,359170
NORDESTE,FOSFATO DE OSELTAMIVIR 45MG,INFLUENZA,ER,4000,2020-10-27 00:00:00.000,359170
NORDESTE,FOSFATO DE OSELTAMIVIR 45MG,INFLUENZA,ER,4500,2020-01-24 00:00:00.000,359170
NORDESTE,FOSFATO DE OSELTAMIVIR 45MG,INFLUENZA,ER,6000,2020-09-18 00:00:00.000,359170
NORDESTE,FOSFATO DE OSELTAMIVIR 45MG,INFLUENZA,ER,6000,2021-03-25 00:00:00.000,359170
NORDESTE,FOSFATO DE OSELTAMIVIR 45MG,INFLUENZA,ER,7000,2020-12-14 00:00:00.000,359170
NORDESTE,FOSFATO DE OSELTAMIVIR 45MG,INFLUENZA,ER,8500,2020-08-04 00:00:00.000,359170
NORDESTE,FOSFATO DE OSELTAMIVIR 45MG,INFLUENZA,ER,10500,2020-03-23 00:00:00.000,359170
NORDESTE,FOSFATO DE OSELTAMIVIR 45MG,INFLUENZA,ER,13000,2020-04-13 00:00:00.000,359170
NORDESTE,FOSFATO DE OSELTAMIVIR 75MG,INFLUENZA,ER,1500,2020-07-31 00:00:00.000,359170
NORDESTE,FOSFATO DE OSELTAMIVIR 75MG,INFLUENZA,ER,2500,2020-09-18 00:00:00.000,359170
NORDESTE,FOSFATO DE OSELTAMIVIR 75MG,INFLUENZA,ER,3000,2020-07-02 00:00:00.000,359170
NORDESTE,FOSFATO DE OSELTAMIVIR 75MG,INFLUENZA,ER,3000,2020-12-15 00:00:00.000,359170
NORDESTE,FOSFATO DE OSELTAMIVIR 75MG,INFLUENZA,ER,5000,2020-04-27 00:00:00.000,359170
NORDESTE,FOSFATO DE OSELTAMIVIR 75MG,INFLUENZA,ER,6500,2020-06-30 00:00:00.000,359170
NORDESTE,FOSFATO DE OSELTAMIVIR 75MG,INFLUENZA,ER,8000,2020-10-27 00:00:00.000,359170
NORDESTE,FOSFATO DE OSELTAMIVIR 75MG,INFLUENZA,ER,9000,2021-03-25 00:00:00.000,359170
NORDESTE,FOSFATO DE OSELTAMIVIR 75MG,INFLUENZA,ER,11000,2020-09-18 00:00:00.000,359170
NORDESTE,FOSFATO DE OSELTAMIVIR 75MG,INFLUENZA,ER,23000,2020-04-06 00:00:00.000,359170
NORDESTE,FOSFATO DE OSELTAMIVIR 75MG,INFLUENZA,ER,27000,2020-12-14 00:00:00.000,359170
NORDESTE,FOSFATO DE OSELTAMIVIR 75MG,INFLUENZA,ER,28000,2020-06-26 00:00:00.000,359170
NORDESTE,FOSFATO DE OSELTAMIVIR 75MG,INFLUENZA,ER,30000,2020-05-13 00:00:00.000,359170
NORDESTE,FOSFATO DE OSELTAMIVIR 75MG,INFLUENZA,ER,31000,2020-08-04 00:00:00.000,359170
NORDESTE,FOSFATO DE OSELTAMIVIR 75MG,INFLUENZA,ER,35000,2020-03-23 00:00:00.000,359170
NORDESTE ,HIDROXICLOROQUINA 200MG,COVID-19,ER,4500,2020-09-22 00:00:00.000,280500
NORDESTE ,HIDROXICLOROQUINA 200MG,COVID-19,ER,9000,2020-09-08 00:00:00.000,280500
NORDESTE,DIFOSFATO DE CLOROQUINA 150MG,COVID-19,ER,40000,2020-03-28 00:00:00.000,344000
NORDESTE,DIFOSFATO DE CLOROQUINA 150MG,COVID-19,ER,50000,2020-07-24 00:00:00.000,344000
NORDESTE,DIFOSFATO DE CLOROQUINA 150MG,COVID-19,ER,60000,2020-04-24 00:00:00.000,344000
NORDESTE,DIFOSFATO DE CLOROQUINA 150MG,COVID-19,ER,202000,2020-05-02 00:00:00.000,344000
NORDESTE,DIFOSFATO DE CLOROQUINA 150MG,COVID-19,M,-8000,2020-10-28 00:00:00.000,344000
NORDESTE,FOSFATO DE OSELTAMIVIR 30MG,INFLUENZA,ER,2000,2020-04-15 00:00:00.000,642630
NORDESTE,FOSFATO DE OSELTAMIVIR 30MG,INFLUENZA,ER,2000,2020-06-26 00:00:00.000,642630
NORDESTE,FOSFATO DE OSELTAMIVIR 30MG,INFLUENZA,ER,3000,2020-03-05 00:00:00.000,642630
NORDESTE,FOSFATO DE OSELTAMIVIR 30MG,INFLUENZA,ER,5930,2020-03-25 00:00:00.000,642630
NORDESTE,FOSFATO DE OSELTAMIVIR 30MG,INFLUENZA,ER,6000,2020-02-26 00:00:00.000,642630
NORDESTE,FOSFATO DE OSELTAMIVIR 30MG,INFLUENZA,ER,6200,2020-01-28 00:00:00.000,642630
NORDESTE,FOSFATO DE OSELTAMIVIR 30MG,INFLUENZA,ER,6500,2020-04-04 00:00:00.000,642630
NORDESTE,FOSFATO DE OSELTAMIVIR 30MG,INFLUENZA,ER,7200,2020-06-26 00:00:00.000,642630
NORDESTE,FOSFATO DE OSELTAMIVIR 30MG,INFLUENZA,ER,8300,2020-06-26 00:00:00.000,642630
NORDESTE,FOSFATO DE OSELTAMIVIR 30MG,INFLUENZA,ER,15000,2020-11-10 00:00:00.000,642630
NORDESTE,FOSFATO DE OSELTAMIVIR 30MG,INFLUENZA,ER,15500,2020-04-13 00:00:00.000,642630
NORDESTE,FOSFATO DE OSELTAMIVIR 30MG,INFLUENZA,ER,20000,2020-04-26 00:00:00.000,642630
NORDESTE,FOSFATO DE OSELTAMIVIR 30MG,INFLUENZA,ER,20000,2020-12-21 00:00:00.000,642630
NORDESTE,FOSFATO DE OSELTAMIVIR 30MG,INFLUENZA,ER,60000,2020-05-07 00:00:00.000,642630
NORDESTE,FOSFATO DE OSELTAMIVIR 45MG,INFLUENZA,ER,1000,2020-09-18 00:00:00.000,642630
NORDESTE,FOSFATO DE OSELTAMIVIR 45MG,INFLUENZA,ER,1500,2020-08-05 00:00:00.000,642630
NORDESTE,FOSFATO DE OSELTAMIVIR 45MG,INFLUENZA,ER,2000,2020-04-15 00:00:00.000,642630
NORDESTE,FOSFATO DE OSELTAMIVIR 45MG,INFLUENZA,ER,3500,2020-12-15 00:00:00.000,642630
NORDESTE,FOSFATO DE OSELTAMIVIR 45MG,INFLUENZA,ER,5000,2020-01-28 00:00:00.000,642630
NORDESTE,FOSFATO DE OSELTAMIVIR 45MG,INFLUENZA,ER,5000,2020-03-25 00:00:00.000,642630
NORDESTE,FOSFATO DE OSELTAMIVIR 45MG,INFLUENZA,ER,15000,2020-09-18 00:00:00.000,642630
NORDESTE,FOSFATO DE OSELTAMIVIR 45MG,INFLUENZA,ER,35000,2020-12-21 00:00:00.000,642630
NORDESTE,FOSFATO DE OSELTAMIVIR 45MG,INFLUENZA,ER,40500,2020-04-13 00:00:00.000,642630
NORDESTE,FOSFATO DE OSELTAMIVIR 75MG,INFLUENZA,ER,2000,2020-05-06 00:00:00.000,642630
NORDESTE,FOSFATO DE OSELTAMIVIR 75MG,INFLUENZA,ER,3000,2020-01-28 00:00:00.000,642630
NORDESTE,FOSFATO DE OSELTAMIVIR 75MG,INFLUENZA,ER,4000,2020-06-26 00:00:00.000,642630
NORDESTE,FOSFATO DE OSELTAMIVIR 75MG,INFLUENZA,ER,10000,2020-02-26 00:00:00.000,642630
NORDESTE,FOSFATO DE OSELTAMIVIR 75MG,INFLUENZA,ER,15000,2020-03-05 00:00:00.000,642630
NORDESTE,FOSFATO DE OSELTAMIVIR 75MG,INFLUENZA,ER,23500,2020-09-18 00:00:00.000,642630
NORDESTE,FOSFATO DE OSELTAMIVIR 75MG,INFLUENZA,ER,28500,2020-03-25 00:00:00.000,642630
NORDESTE,FOSFATO DE OSELTAMIVIR 75MG,INFLUENZA,ER,30000,2020-05-13 00:00:00.000,642630
NORDESTE,FOSFATO DE OSELTAMIVIR 75MG,INFLUENZA,ER,30000,2020-06-26 00:00:00.000,642630
NORDESTE,FOSFATO DE OSELTAMIVIR 75MG,INFLUENZA,ER,30000,2020-08-11 00:00:00.000,642630
NORDESTE,FOSFATO DE OSELTAMIVIR 75MG,INFLUENZA,ER,34000,2020-12-21 00:00:00.000,642630
NORDESTE,FOSFATO DE OSELTAMIVIR 75MG,INFLUENZA,ER,40000,2020-06-26 00:00:00.000,642630
NORDESTE,FOSFATO DE OSELTAMIVIR 75MG,INFLUENZA,ER,50000,2020-04-26 00:00:00.000,642630
NORDESTE,FOSFATO DE OSELTAMIVIR 75MG,INFLUENZA,ER,56500,2020-04-04 00:00:00.000,642630
CENTRO-OESTE,DIFOSFATO DE CLOROQUINA 150MG,COVID-19,ER,19000,2020-04-22 00:00:00.000,41000
CENTRO-OESTE,DIFOSFATO DE CLOROQUINA 150MG,COVID-19,ER,21000,2020-05-04 00:00:00.000,41000
CENTRO-OESTE,DIFOSFATO DE CLOROQUINA 150MG,COVID-19,ER,32000,2020-03-29 00:00:00.000,41000
CENTRO-OESTE,DIFOSFATO DE CLOROQUINA 150MG,COVID-19,M,-21000,2020-12-29 00:00:00.000,41000
CENTRO-OESTE,DIFOSFATO DE CLOROQUINA 150MG,COVID-19,R,-10000,2020-09-04 00:00:00.000,41000
CENTRO-OESTE,FOSFATO DE OSELTAMIVIR 30MG,INFLUENZA,ER,1500,2020-11-03 00:00:00.000,125460
CENTRO-OESTE,FOSFATO DE OSELTAMIVIR 30MG,INFLUENZA,ER,1500,2021-04-22 00:00:00.000,125460
CENTRO-OESTE,FOSFATO DE OSELTAMIVIR 30MG,INFLUENZA,ER,3020,2020-01-20 00:00:00.000,125460
CENTRO-OESTE,FOSFATO DE OSELTAMIVIR 30MG,INFLUENZA,ER,4440,2020-03-23 00:00:00.000,125460
CENTRO-OESTE,FOSFATO DE OSELTAMIVIR 30MG,INFLUENZA,ER,4500,2020-12-11 00:00:00.000,125460
CENTRO-OESTE,FOSFATO DE OSELTAMIVIR 30MG,INFLUENZA,ER,6000,2020-04-23 00:00:00.000,125460
CENTRO-OESTE,FOSFATO DE OSELTAMIVIR 45MG,INFLUENZA,ER,1000,2020-12-11 00:00:00.000,125460
CENTRO-OESTE,FOSFATO DE OSELTAMIVIR 45MG,INFLUENZA,ER,1500,2021-03-22 00:00:00.000,125460
CENTRO-OESTE,FOSFATO DE OSELTAMIVIR 45MG,INFLUENZA,ER,2000,2020-09-11 00:00:00.000,125460
CENTRO-OESTE,FOSFATO DE OSELTAMIVIR 45MG,INFLUENZA,ER,3500,2020-02-24 00:00:00.000,125460
CENTRO-OESTE,FOSFATO DE OSELTAMIVIR 45MG,INFLUENZA,ER,5000,2020-01-22 00:00:00.000,125460
CENTRO-OESTE,FOSFATO DE OSELTAMIVIR 75MG,INFLUENZA,ER,2000,2020-11-03 00:00:00.000,125460
CENTRO-OESTE,FOSFATO DE OSELTAMIVIR 75MG,INFLUENZA,ER,5500,2020-01-22 00:00:00.000,125460
CENTRO-OESTE,FOSFATO DE OSELTAMIVIR 75MG,INFLUENZA,ER,7500,2020-02-24 00:00:00.000,125460
CENTRO-OESTE,FOSFATO DE OSELTAMIVIR 75MG,INFLUENZA,ER,10000,2020-09-11 00:00:00.000,125460
CENTRO-OESTE,FOSFATO DE OSELTAMIVIR 75MG,INFLUENZA,ER,14000,2020-06-25 00:00:00.000,125460
CENTRO-OESTE,FOSFATO DE OSELTAMIVIR 75MG,INFLUENZA,ER,15500,2020-08-03 00:00:00.000,125460
CENTRO-OESTE,FOSFATO DE OSELTAMIVIR 75MG,INFLUENZA,ER,17000,2020-12-11 00:00:00.000,125460
CENTRO-OESTE,FOSFATO DE OSELTAMIVIR 75MG,INFLUENZA,ER,20000,2020-04-23 00:00:00.000,125460
SUDESTE,DIFOSFATO DE CLOROQUINA 150MG,COVID-19,ER,4000,2020-09-10 00:00:00.000,177500
SUDESTE,DIFOSFATO DE CLOROQUINA 150MG,COVID-19,ER,8000,2020-03-28 00:00:00.000,177500
SUDESTE,DIFOSFATO DE CLOROQUINA 150MG,COVID-19,ER,14000,2020-04-22 00:00:00.000,177500
SUDESTE,DIFOSFATO DE CLOROQUINA 150MG,COVID-19,ER,40000,2020-07-17 00:00:00.000,177500
SUDESTE,DIFOSFATO DE CLOROQUINA 150MG,COVID-19,ER,54000,2020-07-17 00:00:00.000,177500
SUDESTE,DIFOSFATO DE CLOROQUINA 150MG,COVID-19,ER,56000,2020-05-04 00:00:00.000,177500
SUDESTE,FOSFATO DE OSELTAMIVIR 30MG,INFLUENZA,ER,1000,2020-11-05 00:00:00.000,317900
SUDESTE,FOSFATO DE OSELTAMIVIR 30MG,INFLUENZA,ER,1000,2021-04-19 00:00:00.000,317900
SUDESTE,FOSFATO DE OSELTAMIVIR 30MG,INFLUENZA,ER,2900,2020-01-20 00:00:00.000,317900
SUDESTE,FOSFATO DE OSELTAMIVIR 30MG,INFLUENZA,ER,4250,2020-03-23 00:00:00.000,317900
SUDESTE,FOSFATO DE OSELTAMIVIR 30MG,INFLUENZA,ER,5750,2020-04-02 00:00:00.000,317900
SUDESTE,FOSFATO DE OSELTAMIVIR 30MG,INFLUENZA,ER,20000,2020-05-08 00:00:00.000,317900
SUDESTE,FOSFATO DE OSELTAMIVIR 45MG,INFLUENZA,ER,500,2020-08-05 00:00:00.000,317900
SUDESTE,FOSFATO DE OSELTAMIVIR 45MG,INFLUENZA,ER,500,2020-11-05 00:00:00.000,317900
SUDESTE,FOSFATO DE OSELTAMIVIR 45MG,INFLUENZA,ER,500,2021-03-23 00:00:00.000,317900
SUDESTE,FOSFATO DE OSELTAMIVIR 45MG,INFLUENZA,ER,2000,2020-03-23 00:00:00.000,317900
SUDESTE,FOSFATO DE OSELTAMIVIR 45MG,INFLUENZA,ER,3500,2020-01-20 00:00:00.000,317900
SUDESTE,FOSFATO DE OSELTAMIVIR 45MG,INFLUENZA,ER,5000,2020-04-13 00:00:00.000,317900
SUDESTE,FOSFATO DE OSELTAMIVIR 45MG,INFLUENZA,ER,5000,2020-09-14 00:00:00.000,317900
SUDESTE,FOSFATO DE OSELTAMIVIR 45MG,INFLUENZA,ER,6000,2021-03-22 00:00:00.000,317900
SUDESTE,FOSFATO DE OSELTAMIVIR 75MG,INFLUENZA,ER,2000,2021-03-23 00:00:00.000,317900
SUDESTE,FOSFATO DE OSELTAMIVIR 75MG,INFLUENZA,ER,3500,2020-01-20 00:00:00.000,317900
SUDESTE,FOSFATO DE OSELTAMIVIR 75MG,INFLUENZA,ER,5000,2020-09-14 00:00:00.000,317900
SUDESTE,FOSFATO DE OSELTAMIVIR 75MG,INFLUENZA,ER,6000,2020-12-21 00:00:00.000,317900
SUDESTE,FOSFATO DE OSELTAMIVIR 75MG,INFLUENZA,ER,9000,2020-03-23 00:00:00.000,317900
SUDESTE,FOSFATO DE OSELTAMIVIR 75MG,INFLUENZA,ER,15000,2020-06-29 00:00:00.000,317900
SUDESTE,FOSFATO DE OSELTAMIVIR 75MG,INFLUENZA,ER,21000,2020-04-02 00:00:00.000,317900
SUDESTE,FOSFATO DE OSELTAMIVIR 75MG,INFLUENZA,ER,40000,2020-05-08 00:00:00.000,317900
SUDESTE,FOSFATO DE OSELTAMIVIR 75MG,INFLUENZA,ER,43500,2021-03-22 00:00:00.000,317900
SUDESTE,FOSFATO DE OSELTAMIVIR 75MG,INFLUENZA,ER,55000,2020-06-26 00:00:00.000,317900
SUDESTE,FOSFATO DE OSELTAMIVIR 75MG,INFLUENZA,ER,60000,2020-09-14 00:00:00.000,317900
SUDESTE ,HIDROXICLOROQUINA 200MG,COVID-19,ER,1500,2020-10-06 00:00:00.000,177500
CENTRO-OESTE,DIFOSFATO DE CLOROQUINA 150MG,COVID-19,ER,500,2020-08-31 00:00:00.000,129000
CENTRO-OESTE,DIFOSFATO DE CLOROQUINA 150MG,COVID-19,ER,1500,2020-08-24 00:00:00.000,129000
CENTRO-OESTE,DIFOSFATO DE CLOROQUINA 150MG,COVID-19,ER,3500,2020-08-25 00:00:00.000,129000
CENTRO-OESTE,DIFOSFATO DE CLOROQUINA 150MG,COVID-19,ER,6000,2020-03-30 00:00:00.000,129000
CENTRO-OESTE,DIFOSFATO DE CLOROQUINA 150MG,COVID-19,ER,8000,2020-04-21 00:00:00.000,129000
CENTRO-OESTE,DIFOSFATO DE CLOROQUINA 150MG,COVID-19,ER,13000,2020-08-24 00:00:00.000,129000
CENTRO-OESTE,DIFOSFATO DE CLOROQUINA 150MG,COVID-19,ER,15000,2020-06-05 00:00:00.000,129000
CENTRO-OESTE,DIFOSFATO DE CLOROQUINA 150MG,COVID-19,ER,20000,2020-08-24 00:00:00.000,129000
CENTRO-OESTE,DIFOSFATO DE CLOROQUINA 150MG,COVID-19,ER,23000,2020-09-10 00:00:00.000,129000
CENTRO-OESTE,DIFOSFATO DE CLOROQUINA 150MG,COVID-19,ER,25000,2020-07-20 00:00:00.000,129000
CENTRO-OESTE,FOSFATO DE OSELTAMIVIR 30MG,INFLUENZA,ER,1000,2020-06-26 00:00:00.000,189530
CENTRO-OESTE,FOSFATO DE OSELTAMIVIR 30MG,INFLUENZA,ER,1500,2020-12-16 00:00:00.000,189530
CENTRO-OESTE,FOSFATO DE OSELTAMIVIR 30MG,INFLUENZA,ER,2000,2021-04-22 00:00:00.000,189530
CENTRO-OESTE,FOSFATO DE OSELTAMIVIR 30MG,INFLUENZA,ER,2880,2020-06-26 00:00:00.000,189530
CENTRO-OESTE,FOSFATO DE OSELTAMIVIR 30MG,INFLUENZA,ER,4000,2020-04-27 00:00:00.000,189530
CENTRO-OESTE,FOSFATO DE OSELTAMIVIR 30MG,INFLUENZA,ER,4060,2020-01-22 00:00:00.000,189530
CENTRO-OESTE,FOSFATO DE OSELTAMIVIR 30MG,INFLUENZA,ER,5000,2020-11-03 00:00:00.000,189530
CENTRO-OESTE,FOSFATO DE OSELTAMIVIR 30MG,INFLUENZA,ER,5590,2020-02-24 00:00:00.000,189530
CENTRO-OESTE,FOSFATO DE OSELTAMIVIR 45MG,INFLUENZA,ER,500,2020-08-11 00:00:00.000,189530
CENTRO-OESTE,FOSFATO DE OSELTAMIVIR 45MG,INFLUENZA,ER,500,2020-09-14 00:00:00.000,189530
CENTRO-OESTE,FOSFATO DE OSELTAMIVIR 45MG,INFLUENZA,ER,3000,2020-09-14 00:00:00.000,189530
CENTRO-OESTE,FOSFATO DE OSELTAMIVIR 45MG,INFLUENZA,ER,3500,2020-03-23 00:00:00.000,189530
CENTRO-OESTE,FOSFATO DE OSELTAMIVIR 45MG,INFLUENZA,ER,5000,2020-01-20 00:00:00.000,189530
CENTRO-OESTE,FOSFATO DE OSELTAMIVIR 45MG,INFLUENZA,ER,15000,2020-08-03 00:00:00.000,189530
CENTRO-OESTE,FOSFATO DE OSELTAMIVIR 75MG,INFLUENZA,ER,3500,2020-09-14 00:00:00.000,189530
CENTRO-OESTE,FOSFATO DE OSELTAMIVIR 75MG,INFLUENZA,ER,3500,2021-03-26 00:00:00.000,189530
CENTRO-OESTE,FOSFATO DE OSELTAMIVIR 75MG,INFLUENZA,ER,6000,2020-08-11 00:00:00.000,189530
CENTRO-OESTE,FOSFATO DE OSELTAMIVIR 75MG,INFLUENZA,ER,7000,2020-04-27 00:00:00.000,189530
CENTRO-OESTE,FOSFATO DE OSELTAMIVIR 75MG,INFLUENZA,ER,7500,2020-06-26 00:00:00.000,189530
CENTRO-OESTE,FOSFATO DE OSELTAMIVIR 75MG,INFLUENZA,ER,8000,2020-01-22 00:00:00.000,189530
CENTRO-OESTE,FOSFATO DE OSELTAMIVIR 75MG,INFLUENZA,ER,8000,2021-03-22 00:00:00.000,189530
CENTRO-OESTE,FOSFATO DE OSELTAMIVIR 75MG,INFLUENZA,ER,13000,2020-03-23 00:00:00.000,189530
CENTRO-OESTE,FOSFATO DE OSELTAMIVIR 75MG,INFLUENZA,ER,14500,2020-06-26 00:00:00.000,189530
CENTRO-OESTE,FOSFATO DE OSELTAMIVIR 75MG,INFLUENZA,ER,20000,2020-09-14 00:00:00.000,189530
CENTRO-OESTE,FOSFATO DE OSELTAMIVIR 75MG,INFLUENZA,ER,45000,2020-08-03 00:00:00.000,189530
CENTRO-OESTE,HIDROXICLOROQUINA 200MG,COVID-19,ER,1500,2020-10-28 00:00:00.000,129000
CENTRO-OESTE,HIDROXICLOROQUINA 200MG,COVID-19,ER,12000,2020-10-16 00:00:00.000,129000
NORDESTE,DIFOSFATO DE CLOROQUINA 150MG,COVID-19,ER,2000,2020-03-27 00:00:00.000,98000
NORDESTE,DIFOSFATO DE CLOROQUINA 150MG,COVID-19,ER,16000,2020-04-27 00:00:00.000,98000
NORDESTE,DIFOSFATO DE CLOROQUINA 150MG,COVID-19,ER,80000,2020-05-04 00:00:00.000,98000
NORDESTE,DIFOSFATO DE CLOROQUINA 150MG,COVID-19,ER,180000,2020-06-12 00:00:00.000,98000
NORDESTE,DIFOSFATO DE CLOROQUINA 150MG,COVID-19,R,-180000,2020-09-04 00:00:00.000,98000
NORDESTE,FOSFATO DE OSELTAMIVIR 30MG,INFLUENZA,ER,1000,2020-07-01 00:00:00.000,70070
NORDESTE,FOSFATO DE OSELTAMIVIR 30MG,INFLUENZA,ER,1000,2020-12-17 00:00:00.000,70070
NORDESTE,FOSFATO DE OSELTAMIVIR 30MG,INFLUENZA,ER,1070,2020-01-20 00:00:00.000,70070
NORDESTE,FOSFATO DE OSELTAMIVIR 30MG,INFLUENZA,ER,1500,2020-03-23 00:00:00.000,70070
NORDESTE,FOSFATO DE OSELTAMIVIR 30MG,INFLUENZA,ER,2000,2020-06-30 00:00:00.000,70070
NORDESTE,FOSFATO DE OSELTAMIVIR 30MG,INFLUENZA,ER,5000,2020-04-13 00:00:00.000,70070
NORDESTE,FOSFATO DE OSELTAMIVIR 30MG,INFLUENZA,ER,5000,2020-05-11 00:00:00.000,70070
NORDESTE,FOSFATO DE OSELTAMIVIR 45MG,INFLUENZA,ER,1000,2020-03-23 00:00:00.000,70070
NORDESTE,FOSFATO DE OSELTAMIVIR 45MG,INFLUENZA,ER,1000,2021-01-17 00:00:00.000,70070
NORDESTE,FOSFATO DE OSELTAMIVIR 45MG,INFLUENZA,ER,2000,2021-04-06 00:00:00.000,70070
NORDESTE,FOSFATO DE OSELTAMIVIR 45MG,INFLUENZA,ER,3000,2020-12-17 00:00:00.000,70070
NORDESTE,FOSFATO DE OSELTAMIVIR 45MG,INFLUENZA,ER,5000,2020-04-13 00:00:00.000,70070
NORDESTE,FOSFATO DE OSELTAMIVIR 75MG,INFLUENZA,ER,1500,2020-08-12 00:00:00.000,70070
NORDESTE,FOSFATO DE OSELTAMIVIR 75MG,INFLUENZA,ER,2000,2020-06-30 00:00:00.000,70070
NORDESTE,FOSFATO DE OSELTAMIVIR 75MG,INFLUENZA,ER,4000,2020-06-15 00:00:00.000,70070
NORDESTE,FOSFATO DE OSELTAMIVIR 75MG,INFLUENZA,ER,4000,2020-06-30 00:00:00.000,70070
NORDESTE,FOSFATO DE OSELTAMIVIR 75MG,INFLUENZA,ER,5000,2020-04-13 00:00:00.000,70070
NORDESTE,FOSFATO DE OSELTAMIVIR 75MG,INFLUENZA,ER,5000,2021-04-06 00:00:00.000,70070
NORDESTE,FOSFATO DE OSELTAMIVIR 75MG,INFLUENZA,ER,20000,2020-05-11 00:00:00.000,70070
CENTRO-OESTE,DIFOSFATO DE CLOROQUINA 150MG,COVID-19,ER,500,2020-08-20 00:00:00.000,154000
CENTRO-OESTE,DIFOSFATO DE CLOROQUINA 150MG,COVID-19,ER,500,2020-08-21 00:00:00.000,154000
CENTRO-OESTE,DIFOSFATO DE CLOROQUINA 150MG,COVID-19,ER,500,2020-08-25 00:00:00.000,154000
CENTRO-OESTE,DIFOSFATO DE CLOROQUINA 150MG,COVID-19,ER,500,2020-08-27 00:00:00.000,154000
CENTRO-OESTE,DIFOSFATO DE CLOROQUINA 150MG,COVID-19,ER,500,2020-08-28 00:00:00.000,154000
CENTRO-OESTE,DIFOSFATO DE CLOROQUINA 150MG,COVID-19,ER,500,2020-09-08 00:00:00.000,154000
CENTRO-OESTE,DIFOSFATO DE CLOROQUINA 150MG,COVID-19,ER,1000,2020-08-27 00:00:00.000,154000
CENTRO-OESTE,DIFOSFATO DE CLOROQUINA 150MG,COVID-19,ER,1000,2020-08-28 00:00:00.000,154000
CENTRO-OESTE,DIFOSFATO DE CLOROQUINA 150MG,COVID-19,ER,1000,2020-08-31 00:00:00.000,154000
CENTRO-OESTE,DIFOSFATO DE CLOROQUINA 150MG,COVID-19,ER,1500,2020-08-27 00:00:00.000,154000
CENTRO-OESTE,DIFOSFATO DE CLOROQUINA 150MG,COVID-19,ER,2000,2020-08-19 00:00:00.000,154000
CENTRO-OESTE,DIFOSFATO DE CLOROQUINA 150MG,COVID-19,ER,2000,2020-08-27 00:00:00.000,154000
CENTRO-OESTE,DIFOSFATO DE CLOROQUINA 150MG,COVID-19,ER,2000,2020-08-28 00:00:00.000,154000
CENTRO-OESTE,DIFOSFATO DE CLOROQUINA 150MG,COVID-19,ER,2000,2020-09-04 00:00:00.000,154000
CENTRO-OESTE,DIFOSFATO DE CLOROQUINA 150MG,COVID-19,ER,3000,2020-03-29 00:00:00.000,154000
CENTRO-OESTE,DIFOSFATO DE CLOROQUINA 150MG,COVID-19,ER,3500,2020-08-27 00:00:00.000,154000
CENTRO-OESTE,DIFOSFATO DE CLOROQUINA 150MG,COVID-19,ER,4000,2020-08-28 00:00:00.000,154000
CENTRO-OESTE,DIFOSFATO DE CLOROQUINA 150MG,COVID-19,ER,4500,2020-08-28 00:00:00.000,154000
CENTRO-OESTE,DIFOSFATO DE CLOROQUINA 150MG,COVID-19,ER,5000,2020-08-27 00:00:00.000,154000
CENTRO-OESTE,DIFOSFATO DE CLOROQUINA 150MG,COVID-19,ER,6000,2020-04-24 00:00:00.000,154000
CENTRO-OESTE,DIFOSFATO DE CLOROQUINA 150MG,COVID-19,ER,6000,2020-05-04 00:00:00.000,154000
CENTRO-OESTE,DIFOSFATO DE CLOROQUINA 150MG,COVID-19,ER,9000,2020-07-23 00:00:00.000,154000
CENTRO-OESTE,DIFOSFATO DE CLOROQUINA 150MG,COVID-19,ER,10000,2020-07-22 00:00:00.000,154000
CENTRO-OESTE,DIFOSFATO DE CLOROQUINA 150MG,COVID-19,ER,80000,2020-07-29 00:00:00.000,154000
CENTRO-OESTE,FOSFATO DE OSELTAMIVIR 30MG,INFLUENZA,ER,500,2020-04-24 00:00:00.000,289690
CENTRO-OESTE,FOSFATO DE OSELTAMIVIR 30MG,INFLUENZA,ER,500,2020-08-06 00:00:00.000,289690
CENTRO-OESTE,FOSFATO DE OSELTAMIVIR 30MG,INFLUENZA,ER,1000,2020-04-24 00:00:00.000,289690
CENTRO-OESTE,FOSFATO DE OSELTAMIVIR 30MG,INFLUENZA,ER,1000,2020-08-12 00:00:00.000,289690
CENTRO-OESTE,FOSFATO DE OSELTAMIVIR 30MG,INFLUENZA,ER,1300,2020-01-20 00:00:00.000,289690
CENTRO-OESTE,FOSFATO DE OSELTAMIVIR 30MG,INFLUENZA,ER,1500,2020-08-12 00:00:00.000,289690
CENTRO-OESTE,FOSFATO DE OSELTAMIVIR 30MG,INFLUENZA,ER,1890,2020-03-23 00:00:00.000,289690
CENTRO-OESTE,FOSFATO DE OSELTAMIVIR 30MG,INFLUENZA,ER,5000,2020-04-14 00:00:00.000,289690
CENTRO-OESTE,FOSFATO DE OSELTAMIVIR 30MG,INFLUENZA,ER,10000,2020-10-28 00:00:00.000,289690
CENTRO-OESTE,FOSFATO DE OSELTAMIVIR 30MG,INFLUENZA,ER,20000,2020-12-10 00:00:00.000,289690
CENTRO-OESTE,FOSFATO DE OSELTAMIVIR 45MG,INFLUENZA,ER,500,2020-08-06 00:00:00.000,289690
CENTRO-OESTE,FOSFATO DE OSELTAMIVIR 45MG,INFLUENZA,ER,1000,2020-08-12 00:00:00.000,289690
CENTRO-OESTE,FOSFATO DE OSELTAMIVIR 45MG,INFLUENZA,ER,1500,2020-08-12 00:00:00.000,289690
CENTRO-OESTE,FOSFATO DE OSELTAMIVIR 45MG,INFLUENZA,ER,2000,2020-02-24 00:00:00.000,289690
CENTRO-OESTE,FOSFATO DE OSELTAMIVIR 45MG,INFLUENZA,ER,3000,2020-08-06 00:00:00.000,289690
CENTRO-OESTE,FOSFATO DE OSELTAMIVIR 45MG,INFLUENZA,ER,9500,2020-03-23 00:00:00.000,289690
CENTRO-OESTE,FOSFATO DE OSELTAMIVIR 45MG,INFLUENZA,ER,10000,2021-03-19 00:00:00.000,289690
CENTRO-OESTE,FOSFATO DE OSELTAMIVIR 45MG,INFLUENZA,ER,11000,2020-01-20 00:00:00.000,289690
CENTRO-OESTE,FOSFATO DE OSELTAMIVIR 45MG,INFLUENZA,ER,15000,2020-08-04 00:00:00.000,289690
CENTRO-OESTE,FOSFATO DE OSELTAMIVIR 45MG,INFLUENZA,ER,15000,2020-09-18 00:00:00.000,289690
CENTRO-OESTE,FOSFATO DE OSELTAMIVIR 45MG,INFLUENZA,ER,15000,2020-10-28 00:00:00.000,289690
CENTRO-OESTE,FOSFATO DE OSELTAMIVIR 45MG,INFLUENZA,ER,20000,2020-12-10 00:00:00.000,289690
CENTRO-OESTE,FOSFATO DE OSELTAMIVIR 75MG,INFLUENZA,ER,1500,2020-08-06 00:00:00.000,289690
CENTRO-OESTE,FOSFATO DE OSELTAMIVIR 75MG,INFLUENZA,ER,1500,2020-08-12 00:00:00.000,289690
CENTRO-OESTE,FOSFATO DE OSELTAMIVIR 75MG,INFLUENZA,ER,2000,2020-04-29 00:00:00.000,289690
CENTRO-OESTE,FOSFATO DE OSELTAMIVIR 75MG,INFLUENZA,ER,2000,2020-06-29 00:00:00.000,289690
CENTRO-OESTE,FOSFATO DE OSELTAMIVIR 75MG,INFLUENZA,ER,5000,2020-04-30 00:00:00.000,289690
CENTRO-OESTE,FOSFATO DE OSELTAMIVIR 75MG,INFLUENZA,ER,5000,2020-08-06 00:00:00.000,289690
CENTRO-OESTE,FOSFATO DE OSELTAMIVIR 75MG,INFLUENZA,ER,5500,2020-06-25 00:00:00.000,289690
CENTRO-OESTE,FOSFATO DE OSELTAMIVIR 75MG,INFLUENZA,ER,9500,2020-03-23 00:00:00.000,289690
CENTRO-OESTE,FOSFATO DE OSELTAMIVIR 75MG,INFLUENZA,ER,9500,2020-06-26 00:00:00.000,289690
CENTRO-OESTE,FOSFATO DE OSELTAMIVIR 75MG,INFLUENZA,ER,13500,2020-08-12 00:00:00.000,289690
CENTRO-OESTE,FOSFATO DE OSELTAMIVIR 75MG,INFLUENZA,ER,15000,2020-08-04 00:00:00.000,289690
CENTRO-OESTE,FOSFATO DE OSELTAMIVIR 75MG,INFLUENZA,ER,15000,2020-10-28 00:00:00.000,289690
CENTRO-OESTE,FOSFATO DE OSELTAMIVIR 75MG,INFLUENZA,ER,18500,2020-01-20 00:00:00.000,289690
CENTRO-OESTE,FOSFATO DE OSELTAMIVIR 75MG,INFLUENZA,ER,20000,2020-09-18 00:00:00.000,289690
CENTRO-OESTE,FOSFATO DE OSELTAMIVIR 75MG,INFLUENZA,ER,20000,2020-12-10 00:00:00.000,289690
CENTRO-OESTE,DIFOSFATO DE CLOROQUINA 150MG,COVID-19,ER,5000,2020-03-29 00:00:00.000,116500
CENTRO-OESTE,DIFOSFATO DE CLOROQUINA 150MG,COVID-19,ER,5000,2020-04-24 00:00:00.000,116500
CENTRO-OESTE,DIFOSFATO DE CLOROQUINA 150MG,COVID-19,ER,6000,2020-05-05 00:00:00.000,116500
CENTRO-OESTE,DIFOSFATO DE CLOROQUINA 150MG,COVID-19,ER,10000,2020-07-07 00:00:00.000,116500
CENTRO-OESTE,DIFOSFATO DE CLOROQUINA 150MG,COVID-19,ER,15000,2020-07-21 00:00:00.000,116500
CENTRO-OESTE,DIFOSFATO DE CLOROQUINA 150MG,COVID-19,ER,60500,2020-09-14 00:00:00.000,116500
CENTRO-OESTE,FOSFATO DE OSELTAMIVIR 30MG,INFLUENZA,ER,3000,2020-08-07 00:00:00.000,487240
CENTRO-OESTE,FOSFATO DE OSELTAMIVIR 30MG,INFLUENZA,ER,4500,2020-12-23 00:00:00.000,487240
CENTRO-OESTE,FOSFATO DE OSELTAMIVIR 30MG,INFLUENZA,ER,5000,2020-04-13 00:00:00.000,487240
CENTRO-OESTE,FOSFATO DE OSELTAMIVIR 30MG,INFLUENZA,ER,5000,2020-10-26 00:00:00.000,487240
CENTRO-OESTE,FOSFATO DE OSELTAMIVIR 30MG,INFLUENZA,ER,8400,2020-01-22 00:00:00.000,487240
CENTRO-OESTE,FOSFATO DE OSELTAMIVIR 30MG,INFLUENZA,ER,10000,2020-04-02 00:00:00.000,487240
CENTRO-OESTE,FOSFATO DE OSELTAMIVIR 30MG,INFLUENZA,ER,10340,2020-03-24 00:00:00.000,487240
CENTRO-OESTE,FOSFATO DE OSELTAMIVIR 30MG,INFLUENZA,ER,80000,2020-05-13 00:00:00.000,487240
CENTRO-OESTE,FOSFATO DE OSELTAMIVIR 45MG,INFLUENZA,ER,3000,2020-08-07 00:00:00.000,487240
CENTRO-OESTE,FOSFATO DE OSELTAMIVIR 45MG,INFLUENZA,ER,4500,2020-12-23 00:00:00.000,487240
CENTRO-OESTE,FOSFATO DE OSELTAMIVIR 45MG,INFLUENZA,ER,5000,2020-08-06 00:00:00.000,487240
CENTRO-OESTE,FOSFATO DE OSELTAMIVIR 45MG,INFLUENZA,ER,5000,2020-10-26 00:00:00.000,487240
CENTRO-OESTE,FOSFATO DE OSELTAMIVIR 45MG,INFLUENZA,ER,6000,2021-03-29 00:00:00.000,487240
CENTRO-OESTE,FOSFATO DE OSELTAMIVIR 45MG,INFLUENZA,ER,6500,2020-01-22 00:00:00.000,487240
CENTRO-OESTE,FOSFATO DE OSELTAMIVIR 45MG,INFLUENZA,ER,7000,2020-04-13 00:00:00.000,487240
CENTRO-OESTE,FOSFATO DE OSELTAMIVIR 45MG,INFLUENZA,ER,8000,2020-03-24 00:00:00.000,487240
CENTRO-OESTE,FOSFATO DE OSELTAMIVIR 45MG,INFLUENZA,ER,10000,2020-09-14 00:00:00.000,487240
CENTRO-OESTE,FOSFATO DE OSELTAMIVIR 45MG,INFLUENZA,ER,15000,2020-08-03 00:00:00.000,487240
CENTRO-OESTE,FOSFATO DE OSELTAMIVIR 45MG,INFLUENZA,ER,17000,2020-10-26 00:00:00.000,487240
CENTRO-OESTE,FOSFATO DE OSELTAMIVIR 75MG,INFLUENZA,ER,5000,2020-04-27 00:00:00.000,487240
CENTRO-OESTE,FOSFATO DE OSELTAMIVIR 75MG,INFLUENZA,ER,5000,2020-08-07 00:00:00.000,487240
CENTRO-OESTE,FOSFATO DE OSELTAMIVIR 75MG,INFLUENZA,ER,5500,2020-04-27 00:00:00.000,487240
CENTRO-OESTE,FOSFATO DE OSELTAMIVIR 75MG,INFLUENZA,ER,10000,2020-06-29 00:00:00.000,487240
CENTRO-OESTE,FOSFATO DE OSELTAMIVIR 75MG,INFLUENZA,ER,15000,2021-03-29 00:00:00.000,487240
CENTRO-OESTE,FOSFATO DE OSELTAMIVIR 75MG,INFLUENZA,ER,20000,2020-09-14 00:00:00.000,487240
CENTRO-OESTE,FOSFATO DE OSELTAMIVIR 75MG,INFLUENZA,ER,21500,2020-09-18 00:00:00.000,487240
CENTRO-OESTE,FOSFATO DE OSELTAMIVIR 75MG,INFLUENZA,ER,30000,2020-12-23 00:00:00.000,487240
CENTRO-OESTE,FOSFATO DE OSELTAMIVIR 75MG,INFLUENZA,ER,50000,2020-08-03 00:00:00.000,487240
CENTRO-OESTE,FOSFATO DE OSELTAMIVIR 75MG,INFLUENZA,ER,50000,2020-08-06 00:00:00.000,487240
CENTRO-OESTE,FOSFATO DE OSELTAMIVIR 75MG,INFLUENZA,ER,52000,2021-03-24 00:00:00.000,487240
SUDESTE,DIFOSFATO DE CLOROQUINA 150MG,COVID-19,ER,500,2020-08-25 00:00:00.000,432000
SUDESTE,DIFOSFATO DE CLOROQUINA 150MG,COVID-19,ER,500,2020-08-31 00:00:00.000,432000
SUDESTE,DIFOSFATO DE CLOROQUINA 150MG,COVID-19,ER,4500,2020-08-24 00:00:00.000,432000
SUDESTE,DIFOSFATO DE CLOROQUINA 150MG,COVID-19,ER,27000,2020-03-30 00:00:00.000,432000
SUDESTE,DIFOSFATO DE CLOROQUINA 150MG,COVID-19,ER,27000,2020-04-23 00:00:00.000,432000
SUDESTE,DIFOSFATO DE CLOROQUINA 150MG,COVID-19,ER,28500,2020-09-02 00:00:00.000,432000
SUDESTE,DIFOSFATO DE CLOROQUINA 150MG,COVID-19,ER,31000,2020-05-04 00:00:00.000,432000
SUDESTE,DIFOSFATO DE CLOROQUINA 150MG,COVID-19,ER,286000,2020-09-14 00:00:00.000,432000
SUDESTE,FOSFATO DE OSELTAMIVIR 30MG,INFLUENZA,ER,5000,2020-11-04 00:00:00.000,2375870
SUDESTE,FOSFATO DE OSELTAMIVIR 30MG,INFLUENZA,ER,5000,2020-11-09 00:00:00.000,2375870
SUDESTE,FOSFATO DE OSELTAMIVIR 30MG,INFLUENZA,ER,7500,2020-12-23 00:00:00.000,2375870
SUDESTE,FOSFATO DE OSELTAMIVIR 30MG,INFLUENZA,ER,10000,2020-05-08 00:00:00.000,2375870
SUDESTE,FOSFATO DE OSELTAMIVIR 30MG,INFLUENZA,ER,20000,2020-05-15 00:00:00.000,2375870
SUDESTE,FOSFATO DE OSELTAMIVIR 30MG,INFLUENZA,ER,32260,2020-04-13 00:00:00.000,2375870
SUDESTE,FOSFATO DE OSELTAMIVIR 30MG,INFLUENZA,ER,34500,2020-12-15 00:00:00.000,2375870
SUDESTE,FOSFATO DE OSELTAMIVIR 30MG,INFLUENZA,ER,46310,2020-01-21 00:00:00.000,2375870
SUDESTE,FOSFATO DE OSELTAMIVIR 30MG,INFLUENZA,ER,95800,2020-03-25 00:00:00.000,2375870
SUDESTE,FOSFATO DE OSELTAMIVIR 30MG,INFLUENZA,ER,125500,2021-04-26 00:00:00.000,2375870
SUDESTE,FOSFATO DE OSELTAMIVIR 45MG,INFLUENZA,ER,6000,2020-08-06 00:00:00.000,2375870
SUDESTE,FOSFATO DE OSELTAMIVIR 45MG,INFLUENZA,ER,6000,2020-09-18 00:00:00.000,2375870
SUDESTE,FOSFATO DE OSELTAMIVIR 45MG,INFLUENZA,ER,9000,2021-02-01 00:00:00.000,2375870
SUDESTE,FOSFATO DE OSELTAMIVIR 45MG,INFLUENZA,ER,20000,2020-08-05 00:00:00.000,2375870
SUDESTE,FOSFATO DE OSELTAMIVIR 45MG,INFLUENZA,ER,25000,2020-04-13 00:00:00.000,2375870
SUDESTE,FOSFATO DE OSELTAMIVIR 45MG,INFLUENZA,ER,25000,2020-09-18 00:00:00.000,2375870
SUDESTE,FOSFATO DE OSELTAMIVIR 45MG,INFLUENZA,ER,30000,2020-12-15 00:00:00.000,2375870
SUDESTE,FOSFATO DE OSELTAMIVIR 45MG,INFLUENZA,ER,41000,2020-01-21 00:00:00.000,2375870
SUDESTE,FOSFATO DE OSELTAMIVIR 45MG,INFLUENZA,ER,95000,2020-03-25 00:00:00.000,2375870
SUDESTE,FOSFATO DE OSELTAMIVIR 45MG,INFLUENZA,ER,134000,2021-03-25 00:00:00.000,2375870
SUDESTE,FOSFATO DE OSELTAMIVIR 75MG,INFLUENZA,ER,4000,2020-05-08 00:00:00.000,2375870
SUDESTE,FOSFATO DE OSELTAMIVIR 75MG ,INFLUENZA,ER,15500,2021-02-01 00:00:00.000,2375870
SUDESTE,FOSFATO DE OSELTAMIVIR 75MG,INFLUENZA,ER,17500,2020-01-21 00:00:00.000,2375870
SUDESTE,FOSFATO DE OSELTAMIVIR 75MG,INFLUENZA,ER,25000,2021-03-24 00:00:00.000,2375870
SUDESTE,FOSFATO DE OSELTAMIVIR 75MG,INFLUENZA,ER,28500,2020-12-23 00:00:00.000,2375870
SUDESTE,FOSFATO DE OSELTAMIVIR 75MG,INFLUENZA,ER,35000,2021-04-26 00:00:00.000,2375870
SUDESTE,FOSFATO DE OSELTAMIVIR 75MG,INFLUENZA,ER,40000,2020-11-04 00:00:00.000,2375870
SUDESTE,FOSFATO DE OSELTAMIVIR 75MG,INFLUENZA,ER,50000,2020-04-29 00:00:00.000,2375870
SUDESTE,FOSFATO DE OSELTAMIVIR 75MG,INFLUENZA,ER,50000,2020-09-18 00:00:00.000,2375870
SUDESTE,FOSFATO DE OSELTAMIVIR 75MG,INFLUENZA,ER,70000,2020-06-25 00:00:00.000,2375870
SUDESTE,FOSFATO DE OSELTAMIVIR 75MG,INFLUENZA,ER,84000,2020-08-06 00:00:00.000,2375870
SUDESTE,FOSFATO DE OSELTAMIVIR 75MG,INFLUENZA,ER,128000,2020-09-18 00:00:00.000,2375870
SUDESTE,FOSFATO DE OSELTAMIVIR 75MG,INFLUENZA,ER,173000,2020-03-25 00:00:00.000,2375870
SUDESTE,FOSFATO DE OSELTAMIVIR 75MG,INFLUENZA,ER,179500,2020-12-15 00:00:00.000,2375870
SUDESTE,FOSFATO DE OSELTAMIVIR 75MG,INFLUENZA,ER,220000,2020-08-05 00:00:00.000,2375870
SUDESTE,FOSFATO DE OSELTAMIVIR 75MG,INFLUENZA,ER,233000,2020-06-25 00:00:00.000,2375870
SUDESTE,FOSFATO DE OSELTAMIVIR 75MG,INFLUENZA,ER,250000,2021-03-25 00:00:00.000,2375870
SUDESTE,HIDROXICLOROQUINA 200MG,COVID-19,ER,1500,2020-09-08 00:00:00.000,432000
SUDESTE,HIDROXICLOROQUINA 200MG,COVID-19,ER,1500,2020-12-29 00:00:00.000,432000
SUDESTE,HIDROXICLOROQUINA 200MG,COVID-19,ER,1500,2020-12-30 00:00:00.000,432000
SUDESTE,HIDROXICLOROQUINA 200MG,COVID-19,ER,1500,2021-01-31 00:00:00.000,432000
SUDESTE,HIDROXICLOROQUINA 200MG,COVID-19,ER,3000,2021-01-09 00:00:00.000,432000
SUDESTE,HIDROXICLOROQUINA 200MG,COVID-19,ER,6000,2020-12-29 00:00:00.000,432000
SUDESTE,HIDROXICLOROQUINA 200MG,COVID-19,ER,8500,2021-01-13 00:00:00.000,432000
NORTE,DIFOSFATO DE CLOROQUINA 150MG,COVID-19,ER,5000,2020-03-28 00:00:00.000,540500
NORTE,DIFOSFATO DE CLOROQUINA 150MG,COVID-19,ER,10000,2020-04-22 00:00:00.000,540500
NORTE,DIFOSFATO DE CLOROQUINA 150MG,COVID-19,ER,100000,2020-08-03 00:00:00.000,540500
NORTE,DIFOSFATO DE CLOROQUINA 150MG,COVID-19,ER,200000,2020-05-02 00:00:00.000,540500
NORTE,DIFOSFATO DE CLOROQUINA 150MG,COVID-19,ER,224000,2020-06-04 00:00:00.000,540500
NORTE,FOSFATO DE OSELTAMIVIR 30MG,INFLUENZA,ER,300,2020-06-30 00:00:00.000,261080
NORTE,FOSFATO DE OSELTAMIVIR 30MG,INFLUENZA,ER,1580,2020-03-31 00:00:00.000,261080
NORTE,FOSFATO DE OSELTAMIVIR 30MG,INFLUENZA,ER,2000,2020-11-05 00:00:00.000,261080
NORTE,FOSFATO DE OSELTAMIVIR 30MG,INFLUENZA,ER,3000,2020-04-22 00:00:00.000,261080
NORTE,FOSFATO DE OSELTAMIVIR 30MG,INFLUENZA,ER,3000,2020-07-02 00:00:00.000,261080
NORTE,FOSFATO DE OSELTAMIVIR 30MG,INFLUENZA,ER,3600,2020-06-26 00:00:00.000,261080
NORTE,FOSFATO DE OSELTAMIVIR 30MG,INFLUENZA,ER,4800,2020-02-11 00:00:00.000,261080
NORTE,FOSFATO DE OSELTAMIVIR 30MG,INFLUENZA,ER,4800,2020-03-20 00:00:00.000,261080
NORTE,FOSFATO DE OSELTAMIVIR 30MG,INFLUENZA,ER,5000,2020-03-26 00:00:00.000,261080
NORTE,FOSFATO DE OSELTAMIVIR 30MG,INFLUENZA,ER,5000,2020-04-22 00:00:00.000,261080
NORTE,FOSFATO DE OSELTAMIVIR 30MG,INFLUENZA,ER,5000,2020-12-14 00:00:00.000,261080
NORTE,FOSFATO DE OSELTAMIVIR 30MG,INFLUENZA,ER,5000,2021-04-27 00:00:00.000,261080
NORTE,FOSFATO DE OSELTAMIVIR 30MG,INFLUENZA,ER,10000,2020-05-12 00:00:00.000,261080
NORTE,FOSFATO DE OSELTAMIVIR 30MG,INFLUENZA,ER,17000,2020-06-26 00:00:00.000,261080
NORTE,FOSFATO DE OSELTAMIVIR 45MG,INFLUENZA,ER,2000,2020-03-26 00:00:00.000,261080
NORTE,FOSFATO DE OSELTAMIVIR 45MG,INFLUENZA,ER,2000,2020-03-31 00:00:00.000,261080
NORTE,FOSFATO DE OSELTAMIVIR 45MG,INFLUENZA,ER,2000,2020-04-22 00:00:00.000,261080
NORTE,FOSFATO DE OSELTAMIVIR 45MG,INFLUENZA,ER,2500,2020-01-20 00:00:00.000,261080
NORTE,FOSFATO DE OSELTAMIVIR 45MG,INFLUENZA,ER,3000,2020-09-18 00:00:00.000,261080
NORTE,FOSFATO DE OSELTAMIVIR 45MG,INFLUENZA,ER,4000,2020-03-20 00:00:00.000,261080
NORTE,FOSFATO DE OSELTAMIVIR 45MG,INFLUENZA,ER,4000,2020-08-12 00:00:00.000,261080
NORTE,FOSFATO DE OSELTAMIVIR 45MG,INFLUENZA,ER,4000,2021-03-22 00:00:00.000,261080
NORTE,FOSFATO DE OSELTAMIVIR 45MG,INFLUENZA,ER,5000,2020-12-14 00:00:00.000,261080
NORTE,FOSFATO DE OSELTAMIVIR 45MG,INFLUENZA,ER,5000,2021-03-01 00:00:00.000,261080
NORTE,FOSFATO DE OSELTAMIVIR 45MG,INFLUENZA,ER,19500,2020-08-04 00:00:00.000,261080
NORTE,FOSFATO DE OSELTAMIVIR 75MG,INFLUENZA,ER,1000,2020-06-30 00:00:00.000,261080
NORTE,FOSFATO DE OSELTAMIVIR 75MG,INFLUENZA,ER,2500,2020-03-31 00:00:00.000,261080
NORTE,FOSFATO DE OSELTAMIVIR 75MG,INFLUENZA,ER,3000,2020-04-30 00:00:00.000,261080
NORTE,FOSFATO DE OSELTAMIVIR 75MG,INFLUENZA,ER,4000,2020-03-20 00:00:00.000,261080
NORTE,FOSFATO DE OSELTAMIVIR 75MG,INFLUENZA,ER,4000,2020-06-26 00:00:00.000,261080
NORTE,FOSFATO DE OSELTAMIVIR 75MG,INFLUENZA,ER,4000,2020-06-29 00:00:00.000,261080
NORTE,FOSFATO DE OSELTAMIVIR 75MG,INFLUENZA,ER,5500,2020-03-26 00:00:00.000,261080
NORTE,FOSFATO DE OSELTAMIVIR 75MG,INFLUENZA,ER,6000,2020-07-02 00:00:00.000,261080
NORTE,FOSFATO DE OSELTAMIVIR 75MG,INFLUENZA,ER,7000,2020-04-24 00:00:00.000,261080
NORTE,FOSFATO DE OSELTAMIVIR 75MG,INFLUENZA,ER,7000,2020-09-18 00:00:00.000,261080
NORTE,FOSFATO DE OSELTAMIVIR 75MG,INFLUENZA,ER,10000,2021-03-01 00:00:00.000,261080
NORTE,FOSFATO DE OSELTAMIVIR 75MG,INFLUENZA,ER,10000,2021-03-22 00:00:00.000,261080
NORTE,FOSFATO DE OSELTAMIVIR 75MG,INFLUENZA,ER,20000,2020-08-04 00:00:00.000,261080
NORTE,FOSFATO DE OSELTAMIVIR 75MG,INFLUENZA,ER,24000,2020-06-26 00:00:00.000,261080
NORTE,FOSFATO DE OSELTAMIVIR 75MG,INFLUENZA,ER,30000,2020-05-12 00:00:00.000,261080
NORTE,HIDROXICLOROQUINA 200MG,COVID-19,ER,1500,2020-09-08 00:00:00.000,540500
NORDESTE,DIFOSFATO DE CLOROQUINA 150MG,COVID-19,ER,2000,2020-03-30 00:00:00.000,30000
NORDESTE,DIFOSFATO DE CLOROQUINA 150MG,COVID-19,ER,5000,2020-04-23 00:00:00.000,30000
NORDESTE,DIFOSFATO DE CLOROQUINA 150MG,COVID-19,ER,18000,2020-05-07 00:00:00.000,30000
NORDESTE,DIFOSFATO DE CLOROQUINA 150MG,COVID-19,ER,50000,2020-06-05 00:00:00.000,30000
NORDESTE,DIFOSFATO DE CLOROQUINA 150MG,COVID-19,M,-5000,2020-12-29 00:00:00.000,30000
NORDESTE,DIFOSFATO DE CLOROQUINA 150MG,COVID-19,R,-40000,2020-09-04 00:00:00.000,30000
NORDESTE,FOSFATO DE OSELTAMIVIR 30MG,INFLUENZA,ER,500,2020-04-15 00:00:00.000,153000
NORDESTE,FOSFATO DE OSELTAMIVIR 30MG,INFLUENZA,ER,1000,2020-08-12 00:00:00.000,153000
NORDESTE,FOSFATO DE OSELTAMIVIR 30MG,INFLUENZA,ER,3000,2020-03-23 00:00:00.000,153000
NORDESTE,FOSFATO DE OSELTAMIVIR 30MG,INFLUENZA,ER,4500,2020-04-14 00:00:00.000,153000
NORDESTE,FOSFATO DE OSELTAMIVIR 45MG,INFLUENZA,ER,1000,2020-08-12 00:00:00.000,153000
NORDESTE,FOSFATO DE OSELTAMIVIR 45MG,INFLUENZA,ER,3000,2020-08-04 00:00:00.000,153000
NORDESTE,FOSFATO DE OSELTAMIVIR 45MG,INFLUENZA,ER,3000,2020-11-04 00:00:00.000,153000
NORDESTE,FOSFATO DE OSELTAMIVIR 45MG,INFLUENZA,ER,4500,2020-03-23 00:00:00.000,153000
NORDESTE,FOSFATO DE OSELTAMIVIR 45MG,INFLUENZA,ER,5000,2020-04-14 00:00:00.000,153000
NORDESTE,FOSFATO DE OSELTAMIVIR 45MG,INFLUENZA,ER,10000,2020-12-21 00:00:00.000,153000
NORDESTE,FOSFATO DE OSELTAMIVIR 75MG,INFLUENZA,ER,1500,2020-08-12 00:00:00.000,153000
NORDESTE,FOSFATO DE OSELTAMIVIR 75MG,INFLUENZA,ER,2000,2020-08-05 00:00:00.000,153000
NORDESTE,FOSFATO DE OSELTAMIVIR 75MG,INFLUENZA,ER,3000,2020-04-15 00:00:00.000,153000
NORDESTE,FOSFATO DE OSELTAMIVIR 75MG,INFLUENZA,ER,4000,2020-06-30 00:00:00.000,153000
NORDESTE,FOSFATO DE OSELTAMIVIR 75MG,INFLUENZA,ER,6000,2020-09-18 00:00:00.000,153000
NORDESTE,FOSFATO DE OSELTAMIVIR 75MG,INFLUENZA,ER,8000,2020-06-30 00:00:00.000,153000
NORDESTE,FOSFATO DE OSELTAMIVIR 75MG,INFLUENZA,ER,10000,2020-05-08 00:00:00.000,153000
NORDESTE,FOSFATO DE OSELTAMIVIR 75MG,INFLUENZA,ER,10000,2020-08-04 00:00:00.000,153000
NORDESTE,FOSFATO DE OSELTAMIVIR 75MG,INFLUENZA,ER,12000,2020-03-23 00:00:00.000,153000
NORDESTE,FOSFATO DE OSELTAMIVIR 75MG,INFLUENZA,ER,20000,2020-09-15 00:00:00.000,153000
NORDESTE,FOSFATO DE OSELTAMIVIR 75MG,INFLUENZA,ER,20000,2020-11-04 00:00:00.000,153000
NORDESTE,FOSFATO DE OSELTAMIVIR 75MG,INFLUENZA,ER,21000,2020-12-21 00:00:00.000,153000
SUL ,DIFOSFATO DE CLOROQUINA 150MG,COVID-19,ER,500,2020-08-18 00:00:00.000,90500
SUL,DIFOSFATO DE CLOROQUINA 150MG,COVID-19,ER,500,2020-08-20 00:00:00.000,90500
SUL ,DIFOSFATO DE CLOROQUINA 150MG,COVID-19,ER,1500,2020-08-18 00:00:00.000,90500
SUL,DIFOSFATO DE CLOROQUINA 150MG,COVID-19,ER,3000,2020-08-25 00:00:00.000,90500
SUL,DIFOSFATO DE CLOROQUINA 150MG,COVID-19,ER,17000,2020-03-28 00:00:00.000,90500
SUL,DIFOSFATO DE CLOROQUINA 150MG,COVID-19,ER,18000,2020-05-02 00:00:00.000,90500
SUL,DIFOSFATO DE CLOROQUINA 150MG,COVID-19,ER,23000,2020-08-25 00:00:00.000,90500
SUL,DIFOSFATO DE CLOROQUINA 150MG,COVID-19,ER,27000,2020-04-23 00:00:00.000,90500
SUL,FOSFATO DE OSELTAMIVIR 30MG,INFLUENZA,ER,1500,2020-09-29 00:00:00.000,4122650
SUL,FOSFATO DE OSELTAMIVIR 30MG,INFLUENZA,ER,5000,2020-08-04 00:00:00.000,4122650
SUL ,FOSFATO DE OSELTAMIVIR 30MG,INFLUENZA,ER,10000,2021-04-22 00:00:00.000,4122650
SUL ,FOSFATO DE OSELTAMIVIR 30MG,INFLUENZA,ER,35000,2020-12-16 00:00:00.000,4122650
SUL,FOSFATO DE OSELTAMIVIR 30MG,INFLUENZA,ER,71650,2020-01-23 00:00:00.000,4122650
SUL,FOSFATO DE OSELTAMIVIR 30MG,INFLUENZA,ER,105000,2020-03-25 00:00:00.000,4122650
SUL,FOSFATO DE OSELTAMIVIR 30MG,INFLUENZA,ER,140000,2020-04-13 00:00:00.000,4122650
SUL,FOSFATO DE OSELTAMIVIR 45MG,INFLUENZA,ER,7000,2020-04-03 00:00:00.000,4122650
SUL ,FOSFATO DE OSELTAMIVIR 45MG,INFLUENZA,ER,15000,2020-11-06 00:00:00.000,4122650
SUL,FOSFATO DE OSELTAMIVIR 45MG,INFLUENZA,ER,20000,2020-08-04 00:00:00.000,4122650
SUL,FOSFATO DE OSELTAMIVIR 45MG,INFLUENZA,ER,30000,2020-04-13 00:00:00.000,4122650
SUL,FOSFATO DE OSELTAMIVIR 45MG,INFLUENZA,ER,35000,2020-09-18 00:00:00.000,4122650
SUL ,FOSFATO DE OSELTAMIVIR 45MG,INFLUENZA,ER,50000,2021-03-30 00:00:00.000,4122650
SUL,FOSFATO DE OSELTAMIVIR 45MG,INFLUENZA,ER,50500,2020-03-25 00:00:00.000,4122650
SUL ,FOSFATO DE OSELTAMIVIR 45MG,INFLUENZA,ER,60000,2020-12-16 00:00:00.000,4122650
SUL,FOSFATO DE OSELTAMIVIR 75MG,INFLUENZA,ER,500,2020-06-29 00:00:00.000,4122650
SUL ,FOSFATO DE OSELTAMIVIR 75MG,INFLUENZA,ER,50000,2020-11-03 00:00:00.000,4122650
SUL,FOSFATO DE OSELTAMIVIR 75MG,INFLUENZA,ER,60000,2020-04-27 00:00:00.000,4122650
SUL,FOSFATO DE OSELTAMIVIR 75MG,INFLUENZA,ER,100000,2020-06-26 00:00:00.000,4122650
SUL ,FOSFATO DE OSELTAMIVIR 75MG,INFLUENZA,ER,100000,2020-12-17 00:00:00.000,4122650
SUL ,FOSFATO DE OSELTAMIVIR 75MG,INFLUENZA,ER,120000,2021-03-30 00:00:00.000,4122650
SUL,FOSFATO DE OSELTAMIVIR 75MG,INFLUENZA,ER,130000,2020-11-06 00:00:00.000,4122650
SUL,FOSFATO DE OSELTAMIVIR 75MG,INFLUENZA,ER,142500,2020-09-18 00:00:00.000,4122650
SUL,FOSFATO DE OSELTAMIVIR 75MG,INFLUENZA,ER,150000,2020-07-31 00:00:00.000,4122650
SUL,FOSFATO DE OSELTAMIVIR 75MG,INFLUENZA,ER,184500,2020-01-23 00:00:00.000,4122650
SUL,FOSFATO DE OSELTAMIVIR 75MG,INFLUENZA,ER,300000,2020-06-29 00:00:00.000,4122650
SUL,FOSFATO DE OSELTAMIVIR 75MG,INFLUENZA,ER,400000,2020-09-18 00:00:00.000,4122650
SUL,FOSFATO DE OSELTAMIVIR 75MG,INFLUENZA,ER,499500,2020-03-25 00:00:00.000,4122650
SUL,FOSFATO DE OSELTAMIVIR 75MG,INFLUENZA,ER,500000,2020-08-04 00:00:00.000,4122650
SUL ,FOSFATO DE OSELTAMIVIR 75MG,INFLUENZA,ER,750000,2020-12-16 00:00:00.000,4122650
NORDESTE,DIFOSFATO DE CLOROQUINA 150MG,COVID-19,ER,1500,2020-07-17 00:00:00.000,172480
NORDESTE,DIFOSFATO DE CLOROQUINA 150MG,COVID-19,ER,10000,2020-03-28 00:00:00.000,172480
NORDESTE,DIFOSFATO DE CLOROQUINA 150MG,COVID-19,ER,37000,2020-04-23 00:00:00.000,172480
NORDESTE,DIFOSFATO DE CLOROQUINA 150MG,COVID-19,ER,176000,2020-05-02 00:00:00.000,172480
NORDESTE,DIFOSFATO DE CLOROQUINA 150MG,COVID-19,M,-49000,2020-12-29 00:00:00.000,172480
NORDESTE,DIFOSFATO DE CLOROQUINA 150MG,COVID-19,M,-3020,2020-10-28 00:00:00.000,172480
NORDESTE,FOSFATO DE OSELTAMIVIR 30MG,INFLUENZA,ER,500,2020-12-15 00:00:00.000,208200
NORDESTE,FOSFATO DE OSELTAMIVIR 30MG,INFLUENZA,ER,3560,2020-01-28 00:00:00.000,208200
NORDESTE,FOSFATO DE OSELTAMIVIR 30MG,INFLUENZA,ER,4000,2020-06-26 00:00:00.000,208200
NORDESTE,FOSFATO DE OSELTAMIVIR 30MG,INFLUENZA,ER,4640,2020-03-25 00:00:00.000,208200
NORDESTE,FOSFATO DE OSELTAMIVIR 30MG,INFLUENZA,ER,5000,2020-04-27 00:00:00.000,208200
NORDESTE,FOSFATO DE OSELTAMIVIR 30MG,INFLUENZA,ER,6000,2020-06-26 00:00:00.000,208200
NORDESTE,FOSFATO DE OSELTAMIVIR 45MG,INFLUENZA,ER,1000,2020-01-28 00:00:00.000,208200
NORDESTE,FOSFATO DE OSELTAMIVIR 45MG,INFLUENZA,ER,1000,2020-12-15 00:00:00.000,208200
NORDESTE,FOSFATO DE OSELTAMIVIR 45MG,INFLUENZA,ER,2000,2020-09-14 00:00:00.000,208200
NORDESTE,FOSFATO DE OSELTAMIVIR 45MG,INFLUENZA,ER,4000,2020-03-25 00:00:00.000,208200
NORDESTE,FOSFATO DE OSELTAMIVIR 45MG,INFLUENZA,ER,4000,2020-08-06 00:00:00.000,208200
NORDESTE,FOSFATO DE OSELTAMIVIR 45MG,INFLUENZA,ER,4000,2020-09-14 00:00:00.000,208200
NORDESTE,FOSFATO DE OSELTAMIVIR 75MG,INFLUENZA,ER,8000,2020-08-06 00:00:00.000,208200
NORDESTE,FOSFATO DE OSELTAMIVIR 75MG,INFLUENZA,ER,15000,2020-06-26 00:00:00.000,208200
NORDESTE,FOSFATO DE OSELTAMIVIR 75MG,INFLUENZA,ER,16000,2020-04-16 00:00:00.000,208200
NORDESTE,FOSFATO DE OSELTAMIVIR 75MG,INFLUENZA,ER,19500,2020-09-14 00:00:00.000,208200
NORDESTE,FOSFATO DE OSELTAMIVIR 75MG,INFLUENZA,ER,30000,2020-08-11 00:00:00.000,208200
NORDESTE,FOSFATO DE OSELTAMIVIR 75MG,INFLUENZA,ER,40000,2020-04-27 00:00:00.000,208200
NORDESTE,FOSFATO DE OSELTAMIVIR 75MG,INFLUENZA,ER,40000,2020-06-26 00:00:00.000,208200
NORDESTE,DIFOSFATO DE CLOROQUINA 150MG,COVID-19,ER,2000,2020-03-30 00:00:00.000,22500
NORDESTE,DIFOSFATO DE CLOROQUINA 150MG,COVID-19,ER,4500,2020-07-17 00:00:00.000,22500
NORDESTE,DIFOSFATO DE CLOROQUINA 150MG,COVID-19,ER,5000,2020-04-27 00:00:00.000,22500
NORDESTE,DIFOSFATO DE CLOROQUINA 150MG,COVID-19,ER,10000,2020-06-06 00:00:00.000,22500
NORDESTE,DIFOSFATO DE CLOROQUINA 150MG,COVID-19,ER,13000,2020-05-06 00:00:00.000,22500
NORDESTE,DIFOSFATO DE CLOROQUINA 150MG,COVID-19,M,-12000,2020-10-28 00:00:00.000,22500
NORDESTE,FOSFATO DE OSELTAMIVIR 30MG,INFLUENZA,ER,500,2020-12-14 00:00:00.000,166410
NORDESTE,FOSFATO DE OSELTAMIVIR 30MG,INFLUENZA,ER,690,2020-01-20 00:00:00.000,166410
NORDESTE,FOSFATO DE OSELTAMIVIR 30MG,INFLUENZA,ER,720,2020-03-23 00:00:00.000,166410
NORDESTE,FOSFATO DE OSELTAMIVIR 30MG,INFLUENZA,ER,1000,2020-10-29 00:00:00.000,166410
NORDESTE,FOSFATO DE OSELTAMIVIR 30MG,INFLUENZA,ER,1000,2021-04-24 00:00:00.000,166410
NORDESTE,FOSFATO DE OSELTAMIVIR 30MG,INFLUENZA,ER,5000,2020-05-14 00:00:00.000,166410
NORDESTE,FOSFATO DE OSELTAMIVIR 30MG,INFLUENZA,ER,7000,2020-04-18 00:00:00.000,166410
NORDESTE,FOSFATO DE OSELTAMIVIR 45MG,INFLUENZA,ER,2000,2020-08-12 00:00:00.000,166410
NORDESTE,FOSFATO DE OSELTAMIVIR 45MG,INFLUENZA,ER,2500,2021-03-23 00:00:00.000,166410
NORDESTE,FOSFATO DE OSELTAMIVIR 45MG,INFLUENZA,ER,3000,2020-12-14 00:00:00.000,166410
NORDESTE,FOSFATO DE OSELTAMIVIR 45MG,INFLUENZA,ER,4000,2020-03-23 00:00:00.000,166410
NORDESTE,FOSFATO DE OSELTAMIVIR 45MG,INFLUENZA,ER,4000,2020-08-12 00:00:00.000,166410
NORDESTE,FOSFATO DE OSELTAMIVIR 45MG,INFLUENZA,ER,7500,2020-01-20 00:00:00.000,166410
NORDESTE,FOSFATO DE OSELTAMIVIR 45MG,INFLUENZA,ER,9000,2020-04-13 00:00:00.000,166410
NORDESTE,FOSFATO DE OSELTAMIVIR 75MG,INFLUENZA,ER,500,2020-01-20 00:00:00.000,166410
NORDESTE,FOSFATO DE OSELTAMIVIR 75MG,INFLUENZA,ER,1500,2020-12-14 00:00:00.000,166410
NORDESTE,FOSFATO DE OSELTAMIVIR 75MG,INFLUENZA,ER,3000,2020-03-23 00:00:00.000,166410
NORDESTE,FOSFATO DE OSELTAMIVIR 75MG,INFLUENZA,ER,3000,2021-03-23 00:00:00.000,166410
NORDESTE,FOSFATO DE OSELTAMIVIR 75MG,INFLUENZA,ER,12000,2020-06-30 00:00:00.000,166410
NORDESTE,FOSFATO DE OSELTAMIVIR 75MG,INFLUENZA,ER,13000,2020-06-30 00:00:00.000,166410
NORDESTE,FOSFATO DE OSELTAMIVIR 75MG,INFLUENZA,ER,20000,2020-04-27 00:00:00.000,166410
NORDESTE,FOSFATO DE OSELTAMIVIR 75MG,INFLUENZA,ER,20000,2020-05-14 00:00:00.000,166410
NORDESTE,FOSFATO DE OSELTAMIVIR 75MG,INFLUENZA,ER,20000,2020-08-12 00:00:00.000,166410
NORDESTE,FOSFATO DE OSELTAMIVIR 75MG,INFLUENZA,ER,25500,2020-09-14 00:00:00.000,166410
SUDESTE,DIFOSFATO DE CLOROQUINA 150MG,COVID-19,ER,2000,2020-08-18 00:00:00.000,188500
SUDESTE,DIFOSFATO DE CLOROQUINA 150MG,COVID-19,ER,50000,2020-05-06 00:00:00.000,188500
SUDESTE,DIFOSFATO DE CLOROQUINA 150MG,COVID-19,ER,74000,2020-03-28 00:00:00.000,188500
SUDESTE,DIFOSFATO DE CLOROQUINA 150MG,COVID-19,ER,100000,2020-04-17 00:00:00.000,188500
SUDESTE,DIFOSFATO DE CLOROQUINA 150MG,COVID-19,M,-39000,2020-10-28 00:00:00.000,188500
SUDESTE,FOSFATO DE OSELTAMIVIR 30MG,INFLUENZA,ER,3500,2021-04-22 00:00:00.000,599000
SUDESTE,FOSFATO DE OSELTAMIVIR 30MG,INFLUENZA,ER,3900,2020-04-01 00:00:00.000,599000
SUDESTE,FOSFATO DE OSELTAMIVIR 30MG,INFLUENZA,ER,12500,2020-12-30 00:00:00.000,599000
SUDESTE,FOSFATO DE OSELTAMIVIR 30MG,INFLUENZA,ER,21600,2020-01-29 00:00:00.000,599000
SUDESTE,FOSFATO DE OSELTAMIVIR 30MG,INFLUENZA,ER,39000,2020-04-03 00:00:00.000,599000
SUDESTE,FOSFATO DE OSELTAMIVIR 30MG,INFLUENZA,ER,51000,2020-05-13 00:00:00.000,599000
SUDESTE,FOSFATO DE OSELTAMIVIR 45MG,INFLUENZA,ER,3500,2021-03-24 00:00:00.000,599000
SUDESTE,FOSFATO DE OSELTAMIVIR 45MG,INFLUENZA,ER,5000,2020-09-18 00:00:00.000,599000
SUDESTE,FOSFATO DE OSELTAMIVIR 45MG,INFLUENZA,ER,8000,2020-08-04 00:00:00.000,599000
SUDESTE,FOSFATO DE OSELTAMIVIR 45MG,INFLUENZA,ER,10000,2020-12-30 00:00:00.000,599000
SUDESTE,FOSFATO DE OSELTAMIVIR 45MG,INFLUENZA,ER,15000,2020-08-04 00:00:00.000,599000
SUDESTE,FOSFATO DE OSELTAMIVIR 45MG,INFLUENZA,ER,16000,2020-01-29 00:00:00.000,599000
SUDESTE,FOSFATO DE OSELTAMIVIR 45MG,INFLUENZA,ER,39000,2020-04-16 00:00:00.000,599000
SUDESTE,FOSFATO DE OSELTAMIVIR 75MG,INFLUENZA,ER,7500,2021-03-24 00:00:00.000,599000
SUDESTE,FOSFATO DE OSELTAMIVIR 75MG,INFLUENZA,ER,32000,2020-08-04 00:00:00.000,599000
SUDESTE,FOSFATO DE OSELTAMIVIR 75MG,INFLUENZA,ER,34500,2020-09-18 00:00:00.000,599000
SUDESTE,FOSFATO DE OSELTAMIVIR 75MG,INFLUENZA,ER,35500,2020-04-23 00:00:00.000,599000
SUDESTE,FOSFATO DE OSELTAMIVIR 75MG,INFLUENZA,ER,38000,2020-06-26 00:00:00.000,599000
SUDESTE,FOSFATO DE OSELTAMIVIR 75MG,INFLUENZA,ER,41500,2020-01-29 00:00:00.000,599000
SUDESTE,FOSFATO DE OSELTAMIVIR 75MG,INFLUENZA,ER,45000,2020-04-30 00:00:00.000,599000
SUDESTE,FOSFATO DE OSELTAMIVIR 75MG,INFLUENZA,ER,55000,2020-08-04 00:00:00.000,599000
SUDESTE,FOSFATO DE OSELTAMIVIR 75MG,INFLUENZA,ER,82000,2020-06-26 00:00:00.000,599000
SUDESTE,HIDROXICLOROQUINA 200MG,COVID-19,ER,1500,2020-09-17 00:00:00.000,188500
NORDESTE,DIFOSFATO DE CLOROQUINA 150MG,COVID-19,ER,3000,2020-03-30 00:00:00.000,129000
NORDESTE,DIFOSFATO DE CLOROQUINA 150MG,COVID-19,ER,10000,2020-07-16 00:00:00.000,129000
NORDESTE,DIFOSFATO DE CLOROQUINA 150MG,COVID-19,ER,12000,2020-04-27 00:00:00.000,129000
NORDESTE,DIFOSFATO DE CLOROQUINA 150MG,COVID-19,ER,21000,2020-05-06 00:00:00.000,129000
NORDESTE,DIFOSFATO DE CLOROQUINA 150MG,COVID-19,ER,100000,2020-06-08 00:00:00.000,129000
NORDESTE,DIFOSFATO DE CLOROQUINA 150MG,COVID-19,M,-10000,2020-10-28 00:00:00.000,129000
NORDESTE,DIFOSFATO DE CLOROQUINA 150MG,COVID-19,R,-7000,2020-09-04 00:00:00.000,129000
NORDESTE,FOSFATO DE OSELTAMIVIR 30MG,INFLUENZA,ER,700,2020-07-02 00:00:00.000,162600
NORDESTE,FOSFATO DE OSELTAMIVIR 30MG,INFLUENZA,ER,1500,2020-08-05 00:00:00.000,162600
NORDESTE,FOSFATO DE OSELTAMIVIR 30MG,INFLUENZA,ER,2230,2020-01-22 00:00:00.000,162600
NORDESTE,FOSFATO DE OSELTAMIVIR 30MG,INFLUENZA,ER,2740,2020-03-23 00:00:00.000,162600
NORDESTE,FOSFATO DE OSELTAMIVIR 30MG,INFLUENZA,ER,2800,2020-07-09 00:00:00.000,162600
NORDESTE,FOSFATO DE OSELTAMIVIR 30MG,INFLUENZA,ER,3130,2020-04-16 00:00:00.000,162600
NORDESTE,FOSFATO DE OSELTAMIVIR 30MG,INFLUENZA,ER,6000,2021-04-20 00:00:00.000,162600
NORDESTE,FOSFATO DE OSELTAMIVIR 45MG,INFLUENZA,ER,500,2020-03-23 00:00:00.000,162600
NORDESTE,FOSFATO DE OSELTAMIVIR 45MG,INFLUENZA,ER,500,2020-09-14 00:00:00.000,162600
NORDESTE,FOSFATO DE OSELTAMIVIR 45MG,INFLUENZA,ER,500,2021-03-23 00:00:00.000,162600
NORDESTE,FOSFATO DE OSELTAMIVIR 45MG,INFLUENZA,ER,1000,2020-01-22 00:00:00.000,162600
NORDESTE,FOSFATO DE OSELTAMIVIR 45MG,INFLUENZA,ER,1000,2020-12-14 00:00:00.000,162600
NORDESTE,FOSFATO DE OSELTAMIVIR 45MG,INFLUENZA,ER,3000,2020-04-14 00:00:00.000,162600
NORDESTE,FOSFATO DE OSELTAMIVIR 45MG,INFLUENZA,ER,4000,2021-03-22 00:00:00.000,162600
NORDESTE,FOSFATO DE OSELTAMIVIR 75MG,INFLUENZA,ER,3500,2020-01-22 00:00:00.000,162600
NORDESTE,FOSFATO DE OSELTAMIVIR 75MG,INFLUENZA,ER,4000,2020-08-11 00:00:00.000,162600
NORDESTE,FOSFATO DE OSELTAMIVIR 75MG,INFLUENZA,ER,7500,2020-03-23 00:00:00.000,162600
NORDESTE,FOSFATO DE OSELTAMIVIR 75MG,INFLUENZA,ER,8000,2020-07-06 00:00:00.000,162600
NORDESTE,FOSFATO DE OSELTAMIVIR 75MG,INFLUENZA,ER,8000,2020-09-18 00:00:00.000,162600
NORDESTE,FOSFATO DE OSELTAMIVIR 75MG,INFLUENZA,ER,10000,2020-05-13 00:00:00.000,162600
NORDESTE,FOSFATO DE OSELTAMIVIR 75MG,INFLUENZA,ER,28000,2020-04-16 00:00:00.000,162600
NORDESTE,FOSFATO DE OSELTAMIVIR 75MG,INFLUENZA,ER,32000,2020-07-02 00:00:00.000,162600
NORDESTE,FOSFATO DE OSELTAMIVIR 75MG,INFLUENZA,ER,32000,2020-08-05 00:00:00.000,162600
SUL ,DIFOSFATO DE CLOROQUINA 150MG,COVID-19,ER,500,2020-08-18 00:00:00.000,650000
SUL,DIFOSFATO DE CLOROQUINA 150MG,COVID-19,ER,500,2020-08-24 00:00:00.000,650000
SUL,DIFOSFATO DE CLOROQUINA 150MG,COVID-19,ER,500,2020-08-25 00:00:00.000,650000
SUL,DIFOSFATO DE CLOROQUINA 150MG,COVID-19,ER,500,2020-08-26 00:00:00.000,650000
SUL ,DIFOSFATO DE CLOROQUINA 150MG,COVID-19,ER,500,2020-09-28 00:00:00.000,650000
SUL ,DIFOSFATO DE CLOROQUINA 150MG,COVID-19,ER,1000,2020-08-18 00:00:00.000,650000
SUL,DIFOSFATO DE CLOROQUINA 150MG,COVID-19,ER,1000,2020-08-24 00:00:00.000,650000
SUL,DIFOSFATO DE CLOROQUINA 150MG,COVID-19,ER,1500,2020-08-26 00:00:00.000,650000
SUL ,DIFOSFATO DE CLOROQUINA 150MG,COVID-19,ER,2000,2020-08-18 00:00:00.000,650000
SUL,DIFOSFATO DE CLOROQUINA 150MG,COVID-19,ER,3000,2020-08-25 00:00:00.000,650000
SUL ,DIFOSFATO DE CLOROQUINA 150MG,COVID-19,ER,9000,2020-08-18 00:00:00.000,650000
SUL,DIFOSFATO DE CLOROQUINA 150MG,COVID-19,ER,22000,2020-04-22 00:00:00.000,650000
SUL,DIFOSFATO DE CLOROQUINA 150MG,COVID-19,ER,25000,2020-03-31 00:00:00.000,650000
SUL,DIFOSFATO DE CLOROQUINA 150MG,COVID-19,ER,27000,2020-08-24 00:00:00.000,650000
SUL,DIFOSFATO DE CLOROQUINA 150MG,COVID-19,ER,35500,2020-08-21 00:00:00.000,650000
SUL ,DIFOSFATO DE CLOROQUINA 150MG,COVID-19,ER,40000,2020-08-18 00:00:00.000,650000
SUL ,DIFOSFATO DE CLOROQUINA 150MG,COVID-19,ER,106500,2020-09-14 00:00:00.000,650000
SUL,DIFOSFATO DE CLOROQUINA 150MG,COVID-19,ER,323500,2020-07-20 00:00:00.000,650000
SUL ,FOSFATO DE OSELTAMIVIR 30MG,INFLUENZA,ER,40000,2021-04-30 00:00:00.000,2530640
SUL,FOSFATO DE OSELTAMIVIR 30MG,INFLUENZA,ER,43340,2020-01-29 00:00:00.000,2530640
SUL ,FOSFATO DE OSELTAMIVIR 30MG,INFLUENZA,ER,60000,2020-12-18 00:00:00.000,2530640
SUL,FOSFATO DE OSELTAMIVIR 30MG,INFLUENZA,ER,90000,2020-06-10 00:00:00.000,2530640
SUL,FOSFATO DE OSELTAMIVIR 30MG,INFLUENZA,ER,124800,2020-04-01 00:00:00.000,2530640
SUL,FOSFATO DE OSELTAMIVIR 45MG,INFLUENZA,ER,3500,2020-09-18 00:00:00.000,2530640
SUL,FOSFATO DE OSELTAMIVIR 45MG,INFLUENZA,ER,20000,2020-09-24 00:00:00.000,2530640
SUL,FOSFATO DE OSELTAMIVIR 45MG,INFLUENZA,ER,38000,2020-04-03 00:00:00.000,2530640
SUL,FOSFATO DE OSELTAMIVIR 45MG,INFLUENZA,ER,57000,2020-04-01 00:00:00.000,2530640
SUL ,FOSFATO DE OSELTAMIVIR 45MG,INFLUENZA,ER,58000,2020-12-18 00:00:00.000,2530640
SUL ,FOSFATO DE OSELTAMIVIR 45MG,INFLUENZA,ER,75000,2021-04-05 00:00:00.000,2530640
SUL,FOSFATO DE OSELTAMIVIR 75MG,INFLUENZA,ER,3000,2020-08-03 00:00:00.000,2530640
SUL,FOSFATO DE OSELTAMIVIR 75MG,INFLUENZA,ER,5500,2020-09-18 00:00:00.000,2530640
SUL,FOSFATO DE OSELTAMIVIR 75MG,INFLUENZA,ER,20000,2020-08-11 00:00:00.000,2530640
SUL ,FOSFATO DE OSELTAMIVIR 75MG,INFLUENZA,ER,27500,2021-03-23 00:00:00.000,2530640
SUL ,FOSFATO DE OSELTAMIVIR 75MG,INFLUENZA,ER,48000,2020-12-22 00:00:00.000,2530640
SUL,FOSFATO DE OSELTAMIVIR 75MG,INFLUENZA,ER,60000,2020-04-27 00:00:00.000,2530640
SUL,FOSFATO DE OSELTAMIVIR 75MG,INFLUENZA,ER,79000,2020-01-29 00:00:00.000,2530640
SUL,FOSFATO DE OSELTAMIVIR 75MG,INFLUENZA,ER,200000,2020-09-24 00:00:00.000,2530640
SUL ,FOSFATO DE OSELTAMIVIR 75MG,INFLUENZA,ER,350000,2020-12-18 00:00:00.000,2530640
SUL ,FOSFATO DE OSELTAMIVIR 75MG,INFLUENZA,ER,450000,2021-04-05 00:00:00.000,2530640
SUL,FOSFATO DE OSELTAMIVIR 75MG,INFLUENZA,ER,678000,2020-04-01 00:00:00.000,2530640
SUL ,HIDROXICLOROQUINA 200MG,COVID-19,ER,19500,2020-09-08 00:00:00.000,650000
SUL ,HIDROXICLOROQUINA 200MG,COVID-19,ER,24000,2021-01-13 00:00:00.000,650000
NORTE,DIFOSFATO DE CLOROQUINA 150MG,COVID-19,ER,2000,2020-03-31 00:00:00.000,171000
NORTE,DIFOSFATO DE CLOROQUINA 150MG,COVID-19,ER,5000,2020-04-23 00:00:00.000,171000
NORTE,DIFOSFATO DE CLOROQUINA 150MG,COVID-19,ER,14000,2020-05-11 00:00:00.000,171000
NORTE,DIFOSFATO DE CLOROQUINA 150MG,COVID-19,ER,40000,2020-08-07 00:00:00.000,171000
NORTE,DIFOSFATO DE CLOROQUINA 150MG,COVID-19,ER,50000,2020-06-12 00:00:00.000,171000
NORTE,DIFOSFATO DE CLOROQUINA 150MG,COVID-19,ER,60000,2020-08-07 00:00:00.000,171000
NORTE,FOSFATO DE OSELTAMIVIR 30MG,INFLUENZA,ER,500,2020-04-02 00:00:00.000,332020
NORTE,FOSFATO DE OSELTAMIVIR 30MG,INFLUENZA,ER,520,2020-03-23 00:00:00.000,332020
NORTE,FOSFATO DE OSELTAMIVIR 30MG,INFLUENZA,ER,1500,2020-04-06 00:00:00.000,332020
NORTE,FOSFATO DE OSELTAMIVIR 30MG,INFLUENZA,ER,2500,2020-07-02 00:00:00.000,332020
NORTE,FOSFATO DE OSELTAMIVIR 30MG,INFLUENZA,ER,22000,2020-12-14 00:00:00.000,332020
NORTE,FOSFATO DE OSELTAMIVIR 30MG,INFLUENZA,ER,33000,2020-04-15 00:00:00.000,332020
NORTE,FOSFATO DE OSELTAMIVIR 45MG,INFLUENZA,ER,1500,2020-01-20 00:00:00.000,332020
NORTE,FOSFATO DE OSELTAMIVIR 45MG,INFLUENZA,ER,1500,2020-03-23 00:00:00.000,332020
NORTE,FOSFATO DE OSELTAMIVIR 45MG,INFLUENZA,ER,1500,2020-04-20 00:00:00.000,332020
NORTE,FOSFATO DE OSELTAMIVIR 45MG,INFLUENZA,ER,2000,2020-04-24 00:00:00.000,332020
NORTE,FOSFATO DE OSELTAMIVIR 45MG,INFLUENZA,ER,5000,2020-08-12 00:00:00.000,332020
NORTE,FOSFATO DE OSELTAMIVIR 45MG,INFLUENZA,ER,5000,2020-09-18 00:00:00.000,332020
NORTE,FOSFATO DE OSELTAMIVIR 45MG,INFLUENZA,ER,8000,2020-08-11 00:00:00.000,332020
NORTE,FOSFATO DE OSELTAMIVIR 45MG,INFLUENZA,ER,10000,2020-04-15 00:00:00.000,332020
NORTE,FOSFATO DE OSELTAMIVIR 45MG,INFLUENZA,ER,22500,2020-12-14 00:00:00.000,332020
NORTE,FOSFATO DE OSELTAMIVIR 75MG,INFLUENZA,ER,2500,2020-04-02 00:00:00.000,332020
NORTE,FOSFATO DE OSELTAMIVIR 75MG,INFLUENZA,ER,3000,2020-04-06 00:00:00.000,332020
NORTE,FOSFATO DE OSELTAMIVIR 75MG,INFLUENZA,ER,3500,2020-01-20 00:00:00.000,332020
NORTE,FOSFATO DE OSELTAMIVIR 75MG,INFLUENZA,ER,4000,2020-03-23 00:00:00.000,332020
NORTE,FOSFATO DE OSELTAMIVIR 75MG,INFLUENZA,ER,5000,2020-07-02 00:00:00.000,332020
NORTE,FOSFATO DE OSELTAMIVIR 75MG,INFLUENZA,ER,12000,2020-04-28 00:00:00.000,332020
NORTE,FOSFATO DE OSELTAMIVIR 75MG,INFLUENZA,ER,15000,2020-09-18 00:00:00.000,332020
NORTE,FOSFATO DE OSELTAMIVIR 75MG,INFLUENZA,ER,20000,2020-08-11 00:00:00.000,332020
NORTE,FOSFATO DE OSELTAMIVIR 75MG,INFLUENZA,ER,25000,2020-08-12 00:00:00.000,332020
NORTE,FOSFATO DE OSELTAMIVIR 75MG,INFLUENZA,ER,30000,2020-07-02 00:00:00.000,332020
NORTE,FOSFATO DE OSELTAMIVIR 75MG,INFLUENZA,ER,45000,2020-12-14 00:00:00.000,332020
NORTE,FOSFATO DE OSELTAMIVIR 75MG,INFLUENZA,ER,50000,2020-07-02 00:00:00.000,332020
NORTE,DIFOSFATO DE CLOROQUINA 150MG,COVID-19,ER,2000,2020-03-31 00:00:00.000,420500
NORTE,DIFOSFATO DE CLOROQUINA 150MG,COVID-19,ER,2500,2020-06-29 00:00:00.000,420500
NORTE,DIFOSFATO DE CLOROQUINA 150MG,COVID-19,ER,4000,2020-06-29 00:00:00.000,420500
NORTE,DIFOSFATO DE CLOROQUINA 150MG,COVID-19,ER,5000,2020-04-16 00:00:00.000,420500
NORTE,DIFOSFATO DE CLOROQUINA 150MG,COVID-19,ER,6000,2020-06-29 00:00:00.000,420500
NORTE,DIFOSFATO DE CLOROQUINA 150MG,COVID-19,ER,9500,2020-06-29 00:00:00.000,420500
NORTE,DIFOSFATO DE CLOROQUINA 150MG,COVID-19,ER,12500,2020-06-29 00:00:00.000,420500
NORTE,DIFOSFATO DE CLOROQUINA 150MG,COVID-19,ER,13000,2020-05-15 00:00:00.000,420500
NORTE,DIFOSFATO DE CLOROQUINA 150MG,COVID-19,ER,33000,2020-06-29 00:00:00.000,420500
NORTE,DIFOSFATO DE CLOROQUINA 150MG,COVID-19,ER,40000,2020-07-05 00:00:00.000,420500
NORTE,DIFOSFATO DE CLOROQUINA 150MG,COVID-19,ER,80000,2020-06-05 00:00:00.000,420500
NORTE,DIFOSFATO DE CLOROQUINA 150MG,COVID-19,ER,80000,2020-09-14 00:00:00.000,420500
NORTE,DIFOSFATO DE CLOROQUINA 150MG,COVID-19,ER,100000,2020-07-05 00:00:00.000,420500
NORTE,FOSFATO DE OSELTAMIVIR 30MG,INFLUENZA,ER,1610,2020-03-25 00:00:00.000,294280
NORTE,FOSFATO DE OSELTAMIVIR 30MG,INFLUENZA,ER,1670,2020-02-29 00:00:00.000,294280
NORTE,FOSFATO DE OSELTAMIVIR 30MG,INFLUENZA,ER,2000,2020-04-27 00:00:00.000,294280
NORTE,FOSFATO DE OSELTAMIVIR 30MG,INFLUENZA,ER,20000,2020-05-14 00:00:00.000,294280
NORTE,FOSFATO DE OSELTAMIVIR 30MG,INFLUENZA,ER,20000,2020-06-26 00:00:00.000,294280
NORTE,FOSFATO DE OSELTAMIVIR 30MG,INFLUENZA,ER,40000,2020-06-30 00:00:00.000,294280
NORTE,FOSFATO DE OSELTAMIVIR 45MG,INFLUENZA,ER,3000,2021-03-26 00:00:00.000,294280
NORTE,FOSFATO DE OSELTAMIVIR 45MG,INFLUENZA,ER,7000,2020-12-16 00:00:00.000,294280
NORTE,FOSFATO DE OSELTAMIVIR 45MG,INFLUENZA,ER,30000,2020-09-18 00:00:00.000,294280
NORTE,FOSFATO DE OSELTAMIVIR 75MG,INFLUENZA,ER,500,2020-03-25 00:00:00.000,294280
NORTE,FOSFATO DE OSELTAMIVIR 75MG,INFLUENZA,ER,2000,2020-01-29 00:00:00.000,294280
NORTE,FOSFATO DE OSELTAMIVIR 75MG,INFLUENZA,ER,5000,2020-09-18 00:00:00.000,294280
NORTE,FOSFATO DE OSELTAMIVIR 75MG,INFLUENZA,ER,6500,2020-05-14 00:00:00.000,294280
NORTE,FOSFATO DE OSELTAMIVIR 75MG,INFLUENZA,ER,10000,2020-04-27 00:00:00.000,294280
NORTE,FOSFATO DE OSELTAMIVIR 75MG,INFLUENZA,ER,20000,2020-06-30 00:00:00.000,294280
NORTE,FOSFATO DE OSELTAMIVIR 75MG,INFLUENZA,ER,25000,2021-03-11 00:00:00.000,294280
NORTE,FOSFATO DE OSELTAMIVIR 75MG,INFLUENZA,ER,50000,2020-06-30 00:00:00.000,294280
NORTE,FOSFATO DE OSELTAMIVIR 75MG,INFLUENZA,ER,50000,2020-08-06 00:00:00.000,294280
SUL,DIFOSFATO DE CLOROQUINA 150MG,COVID-19,ER,500,2020-08-24 00:00:00.000,522200
SUL,DIFOSFATO DE CLOROQUINA 150MG,COVID-19,ER,1000,2020-08-20 00:00:00.000,522200
SUL,DIFOSFATO DE CLOROQUINA 150MG,COVID-19,ER,1200,2020-07-21 00:00:00.000,522200
SUL ,DIFOSFATO DE CLOROQUINA 150MG,COVID-19,ER,1500,2020-08-24 00:00:00.000,522200
SUL,DIFOSFATO DE CLOROQUINA 150MG,COVID-19,ER,3000,2020-08-24 00:00:00.000,522200
SUL,DIFOSFATO DE CLOROQUINA 150MG,COVID-19,ER,9500,2020-07-11 00:00:00.000,522200
SUL,DIFOSFATO DE CLOROQUINA 150MG,COVID-19,ER,18000,2020-08-24 00:00:00.000,522200
SUL,DIFOSFATO DE CLOROQUINA 150MG,COVID-19,ER,22000,2020-03-28 00:00:00.000,522200
SUL,DIFOSFATO DE CLOROQUINA 150MG,COVID-19,ER,27000,2020-04-20 00:00:00.000,522200
SUL,DIFOSFATO DE CLOROQUINA 150MG,COVID-19,ER,30000,2020-08-17 00:00:00.000,522200
SUL,DIFOSFATO DE CLOROQUINA 150MG,COVID-19,ER,36000,2020-08-20 00:00:00.000,522200
SUL ,DIFOSFATO DE CLOROQUINA 150MG,COVID-19,ER,160000,2020-09-14 00:00:00.000,522200
SUL ,DIFOSFATO DE CLOROQUINA 150MG,COVID-19,M,-15000,2020-12-29 00:00:00.000,522200
SUL,FOSFATO DE OSELTAMIVIR 30MG,INFLUENZA,ER,500,2020-05-07 00:00:00.000,3583460
SUL ,FOSFATO DE OSELTAMIVIR 30MG,INFLUENZA,ER,1000,2020-12-21 00:00:00.000,3583460
SUL ,FOSFATO DE OSELTAMIVIR 30MG,INFLUENZA,ER,10000,2021-04-19 00:00:00.000,3583460
SUL,FOSFATO DE OSELTAMIVIR 30MG,INFLUENZA,ER,49620,2020-02-10 00:00:00.000,3583460
SUL ,FOSFATO DE OSELTAMIVIR 30MG,INFLUENZA,ER,50000,2020-12-17 00:00:00.000,3583460
SUL,FOSFATO DE OSELTAMIVIR 30MG,INFLUENZA,ER,68840,2020-03-20 00:00:00.000,3583460
SUL,FOSFATO DE OSELTAMIVIR 30MG,INFLUENZA,ER,70000,2020-04-14 00:00:00.000,3583460
SUL,FOSFATO DE OSELTAMIVIR 45MG,INFLUENZA,ER,500,2020-09-18 00:00:00.000,3583460
SUL ,FOSFATO DE OSELTAMIVIR 45MG,INFLUENZA,ER,500,2021-03-24 00:00:00.000,3583460
SUL,FOSFATO DE OSELTAMIVIR 45MG,INFLUENZA,ER,1500,2020-08-11 00:00:00.000,3583460
SUL ,FOSFATO DE OSELTAMIVIR 45MG,INFLUENZA,ER,1500,2020-12-21 00:00:00.000,3583460
SUL,FOSFATO DE OSELTAMIVIR 45MG,INFLUENZA,ER,20000,2020-08-04 00:00:00.000,3583460
SUL ,FOSFATO DE OSELTAMIVIR 45MG,INFLUENZA,ER,20000,2021-03-24 00:00:00.000,3583460
SUL,FOSFATO DE OSELTAMIVIR 45MG,INFLUENZA,ER,22500,2020-04-03 00:00:00.000,3583460
SUL,FOSFATO DE OSELTAMIVIR 45MG,INFLUENZA,ER,23500,2020-03-20 00:00:00.000,3583460
SUL,FOSFATO DE OSELTAMIVIR 45MG,INFLUENZA,ER,30000,2020-04-14 00:00:00.000,3583460
SUL,FOSFATO DE OSELTAMIVIR 45MG,INFLUENZA,ER,35000,2020-09-18 00:00:00.000,3583460
SUL,FOSFATO DE OSELTAMIVIR 45MG,INFLUENZA,ER,41500,2020-02-10 00:00:00.000,3583460
SUL ,FOSFATO DE OSELTAMIVIR 45MG,INFLUENZA,ER,50000,2020-12-17 00:00:00.000,3583460
SUL,FOSFATO DE OSELTAMIVIR 75MG,INFLUENZA,ER,2000,2020-05-07 00:00:00.000,3583460
SUL ,FOSFATO DE OSELTAMIVIR 75MG,INFLUENZA,ER,8000,2020-12-21 00:00:00.000,3583460
SUL,FOSFATO DE OSELTAMIVIR 75MG,INFLUENZA,ER,9000,2020-09-18 00:00:00.000,3583460
SUL,FOSFATO DE OSELTAMIVIR 75MG,INFLUENZA,ER,16000,2020-06-29 00:00:00.000,3583460
SUL,FOSFATO DE OSELTAMIVIR 75MG,INFLUENZA,ER,60000,2020-04-23 00:00:00.000,3583460
SUL,FOSFATO DE OSELTAMIVIR 75MG,INFLUENZA,ER,274000,2020-06-26 00:00:00.000,3583460
SUL,FOSFATO DE OSELTAMIVIR 75MG,INFLUENZA,ER,400000,2020-08-04 00:00:00.000,3583460
SUL,FOSFATO DE OSELTAMIVIR 75MG,INFLUENZA,ER,400000,2020-09-18 00:00:00.000,3583460
SUL,FOSFATO DE OSELTAMIVIR 75MG,INFLUENZA,ER,422500,2020-02-10 00:00:00.000,3583460
SUL,FOSFATO DE OSELTAMIVIR 75MG,INFLUENZA,ER,445500,2020-03-20 00:00:00.000,3583460
SUL ,FOSFATO DE OSELTAMIVIR 75MG,INFLUENZA,ER,500000,2020-12-17 00:00:00.000,3583460
SUL ,FOSFATO DE OSELTAMIVIR 75MG,INFLUENZA,ER,550000,2021-03-24 00:00:00.000,3583460
SUL ,HIDROXICLOROQUINA 200MG,COVID-19,ER,3000,2020-09-17 00:00:00.000,522200
SUL ,HIDROXICLOROQUINA 200MG,COVID-19,ER,63000,2020-09-18 00:00:00.000,522200
SUL ,HIDROXICLOROQUINA 200MG,COVID-19,ER,160500,2020-09-08 00:00:00.000,522200
SUDESTE,DIFOSFATO DE CLOROQUINA 150MG,COVID-19,ER,170000,2020-03-28 00:00:00.000,418150
SUDESTE,DIFOSFATO DE CLOROQUINA 150MG,COVID-19,ER,316000,2020-04-20 00:00:00.000,418150
SUDESTE,DIFOSFATO DE CLOROQUINA 150MG,COVID-19,ER,500000,2020-05-06 00:00:00.000,418150
SUDESTE,DIFOSFATO DE CLOROQUINA 150MG,COVID-19,M,-138000,2020-10-28 00:00:00.000,418150
SUDESTE,DIFOSFATO DE CLOROQUINA 150MG,COVID-19,M,-130850,2020-12-29 00:00:00.000,418150
SUDESTE,DIFOSFATO DE CLOROQUINA 150MG,COVID-19,R,-300000,2020-09-04 00:00:00.000,418150
SUDESTE,DIFOSFATO DE CLOROQUINA 150MG,COVID-19,R,-150000,2020-09-04 00:00:00.000,418150
SUDESTE,FOSFATO DE OSELTAMIVIR 30MG,INFLUENZA,ER,5000,2020-10-29 00:00:00.000,6921600
SUDESTE,FOSFATO DE OSELTAMIVIR 30MG,INFLUENZA,ER,8000,2020-07-31 00:00:00.000,6921600
SUDESTE,FOSFATO DE OSELTAMIVIR 30MG,INFLUENZA,ER,30000,2020-12-11 00:00:00.000,6921600
SUDESTE,FOSFATO DE OSELTAMIVIR 30MG,INFLUENZA,ER,35000,2020-06-25 00:00:00.000,6921600
SUDESTE,FOSFATO DE OSELTAMIVIR 30MG,INFLUENZA,ER,53000,2021-01-05 00:00:00.000,6921600
SUDESTE,FOSFATO DE OSELTAMIVIR 30MG,INFLUENZA,ER,80000,2020-06-25 00:00:00.000,6921600
SUDESTE,FOSFATO DE OSELTAMIVIR 30MG,INFLUENZA,ER,100000,2021-04-20 00:00:00.000,6921600
SUDESTE,FOSFATO DE OSELTAMIVIR 30MG,INFLUENZA,ER,372600,2020-01-31 00:00:00.000,6921600
SUDESTE,FOSFATO DE OSELTAMIVIR 30MG,INFLUENZA,ER,405000,2020-03-25 00:00:00.000,6921600
SUDESTE,FOSFATO DE OSELTAMIVIR 45MG,INFLUENZA,ER,12000,2021-01-05 00:00:00.000,6921600
SUDESTE,FOSFATO DE OSELTAMIVIR 45MG,INFLUENZA,ER,29000,2020-09-18 00:00:00.000,6921600
SUDESTE,FOSFATO DE OSELTAMIVIR 45MG,INFLUENZA,ER,50000,2020-07-31 00:00:00.000,6921600
SUDESTE,FOSFATO DE OSELTAMIVIR 45MG,INFLUENZA,ER,50000,2020-08-04 00:00:00.000,6921600
SUDESTE,FOSFATO DE OSELTAMIVIR 45MG,INFLUENZA,ER,60000,2020-12-11 00:00:00.000,6921600
SUDESTE,FOSFATO DE OSELTAMIVIR 45MG,INFLUENZA,ER,70000,2021-03-23 00:00:00.000,6921600
SUDESTE,FOSFATO DE OSELTAMIVIR 45MG,INFLUENZA,ER,90000,2021-03-25 00:00:00.000,6921600
SUDESTE,FOSFATO DE OSELTAMIVIR 45MG,INFLUENZA,ER,94500,2020-03-25 00:00:00.000,6921600
SUDESTE,FOSFATO DE OSELTAMIVIR 45MG,INFLUENZA,ER,100000,2020-04-20 00:00:00.000,6921600
SUDESTE,FOSFATO DE OSELTAMIVIR 45MG,INFLUENZA,ER,133500,2020-01-31 00:00:00.000,6921600
SUDESTE,FOSFATO DE OSELTAMIVIR 45MG,INFLUENZA,ER,155500,2020-09-18 00:00:00.000,6921600
SUDESTE,FOSFATO DE OSELTAMIVIR 75MG,INFLUENZA,ER,50000,2020-12-11 00:00:00.000,6921600
SUDESTE,FOSFATO DE OSELTAMIVIR 75MG,INFLUENZA,ER,131500,2020-01-31 00:00:00.000,6921600
SUDESTE,FOSFATO DE OSELTAMIVIR 75MG,INFLUENZA,ER,270000,2020-04-28 00:00:00.000,6921600
SUDESTE,FOSFATO DE OSELTAMIVIR 75MG,INFLUENZA,ER,300000,2020-06-25 00:00:00.000,6921600
SUDESTE,FOSFATO DE OSELTAMIVIR 75MG,INFLUENZA,ER,300000,2021-01-05 00:00:00.000,6921600
SUDESTE,FOSFATO DE OSELTAMIVIR 75MG,INFLUENZA,ER,347000,2020-09-18 00:00:00.000,6921600
SUDESTE,FOSFATO DE OSELTAMIVIR 75MG,INFLUENZA,ER,350000,2020-08-04 00:00:00.000,6921600
SUDESTE,FOSFATO DE OSELTAMIVIR 75MG,INFLUENZA,ER,450000,2021-03-25 00:00:00.000,6921600
SUDESTE,FOSFATO DE OSELTAMIVIR 75MG,INFLUENZA,ER,500000,2021-03-23 00:00:00.000,6921600
SUDESTE,FOSFATO DE OSELTAMIVIR 75MG,INFLUENZA,ER,590000,2020-03-25 00:00:00.000,6921600
SUDESTE,FOSFATO DE OSELTAMIVIR 75MG,INFLUENZA,ER,700000,2020-07-31 00:00:00.000,6921600
SUDESTE,FOSFATO DE OSELTAMIVIR 75MG,INFLUENZA,ER,700000,2020-09-18 00:00:00.000,6921600
SUDESTE,HIDROXICLOROQUINA 200MG,COVID-19,ER,10000,2020-09-17 00:00:00.000,418150
SUDESTE,HIDROXICLOROQUINA 200MG,COVID-19,ER,13500,2020-09-17 00:00:00.000,418150
SUDESTE,HIDROXICLOROQUINA 200MG,COVID-19,ER,27500,2021-03-30 00:00:00.000,418150
SUDESTE,HIDROXICLOROQUINA 200MG,COVID-19,ER,100000,2021-04-27 00:00:00.000,418150
NORDESTE,DIFOSFATO DE CLOROQUINA 150MG,COVID-19,ER,3500,2020-03-31 00:00:00.000,11680
NORDESTE,DIFOSFATO DE CLOROQUINA 150MG,COVID-19,ER,5000,2020-04-23 00:00:00.000,11680
NORDESTE,DIFOSFATO DE CLOROQUINA 150MG,COVID-19,ER,6000,2020-05-04 00:00:00.000,11680
NORDESTE,DIFOSFATO DE CLOROQUINA 150MG,COVID-19,M,-2820,2020-10-28 00:00:00.000,11680
NORDESTE,FOSFATO DE OSELTAMIVIR 30MG,INFLUENZA,ER,1000,2020-08-05 00:00:00.000,136620
NORDESTE,FOSFATO DE OSELTAMIVIR 30MG,INFLUENZA,ER,2170,2020-01-20 00:00:00.000,136620
NORDESTE,FOSFATO DE OSELTAMIVIR 30MG,INFLUENZA,ER,3000,2020-12-14 00:00:00.000,136620
NORDESTE,FOSFATO DE OSELTAMIVIR 30MG,INFLUENZA,ER,3950,2020-03-23 00:00:00.000,136620
NORDESTE,FOSFATO DE OSELTAMIVIR 30MG,INFLUENZA,ER,8000,2020-05-08 00:00:00.000,136620
NORDESTE,FOSFATO DE OSELTAMIVIR 30MG,INFLUENZA,ER,10000,2020-12-23 00:00:00.000,136620
NORDESTE,FOSFATO DE OSELTAMIVIR 45MG,INFLUENZA,ER,1000,2021-03-29 00:00:00.000,136620
NORDESTE,FOSFATO DE OSELTAMIVIR 45MG,INFLUENZA,ER,2000,2020-01-20 00:00:00.000,136620
NORDESTE,FOSFATO DE OSELTAMIVIR 45MG,INFLUENZA,ER,5000,2020-08-11 00:00:00.000,136620
NORDESTE,FOSFATO DE OSELTAMIVIR 45MG,INFLUENZA,ER,8000,2020-09-14 00:00:00.000,136620
NORDESTE,FOSFATO DE OSELTAMIVIR 45MG,INFLUENZA,ER,10000,2020-08-05 00:00:00.000,136620
NORDESTE,FOSFATO DE OSELTAMIVIR 75MG,INFLUENZA,ER,1500,2020-03-23 00:00:00.000,136620
NORDESTE,FOSFATO DE OSELTAMIVIR 75MG,INFLUENZA,ER,2000,2021-03-29 00:00:00.000,136620
NORDESTE,FOSFATO DE OSELTAMIVIR 75MG,INFLUENZA,ER,4000,2020-01-20 00:00:00.000,136620
NORDESTE,FOSFATO DE OSELTAMIVIR 75MG,INFLUENZA,ER,5000,2020-06-30 00:00:00.000,136620
NORDESTE,FOSFATO DE OSELTAMIVIR 75MG,INFLUENZA,ER,5000,2020-09-14 00:00:00.000,136620
NORDESTE,FOSFATO DE OSELTAMIVIR 75MG,INFLUENZA,ER,10000,2020-05-08 00:00:00.000,136620
NORDESTE,FOSFATO DE OSELTAMIVIR 75MG,INFLUENZA,ER,10000,2020-08-05 00:00:00.000,136620
NORDESTE,FOSFATO DE OSELTAMIVIR 75MG,INFLUENZA,ER,20000,2020-08-11 00:00:00.000,136620
NORDESTE,FOSFATO DE OSELTAMIVIR 75MG,INFLUENZA,ER,20000,2020-12-23 00:00:00.000,136620
NORTE,DIFOSFATO DE CLOROQUINA 150MG,COVID-19,ER,2000,2020-03-31 00:00:00.000,43000
NORTE,DIFOSFATO DE CLOROQUINA 150MG,COVID-19,ER,4000,2020-05-04 00:00:00.000,43000
NORTE,DIFOSFATO DE CLOROQUINA 150MG,COVID-19,ER,5000,2020-04-01 00:00:00.000,43000
NORTE,DIFOSFATO DE CLOROQUINA 150MG,COVID-19,ER,12000,2020-07-24 00:00:00.000,43000
NORTE,DIFOSFATO DE CLOROQUINA 150MG,COVID-19,ER,20000,2020-07-24 00:00:00.000,43000
NORTE,FOSFATO DE OSELTAMIVIR 30MG,INFLUENZA,ER,500,2020-12-14 00:00:00.000,51500
NORTE,FOSFATO DE OSELTAMIVIR 30MG,INFLUENZA,ER,2000,2020-01-17 00:00:00.000,51500
NORTE,FOSFATO DE OSELTAMIVIR 30MG,INFLUENZA,ER,7000,2020-04-06 00:00:00.000,51500
NORTE,FOSFATO DE OSELTAMIVIR 45MG,INFLUENZA,ER,500,2020-08-05 00:00:00.000,51500
NORTE,FOSFATO DE OSELTAMIVIR 45MG,INFLUENZA,ER,1000,2020-07-31 00:00:00.000,51500
NORTE,FOSFATO DE OSELTAMIVIR 45MG,INFLUENZA,ER,1000,2020-09-14 00:00:00.000,51500
NORTE,FOSFATO DE OSELTAMIVIR 45MG,INFLUENZA,ER,1000,2020-12-14 00:00:00.000,51500
NORTE,FOSFATO DE OSELTAMIVIR 45MG,INFLUENZA,ER,2000,2020-01-17 00:00:00.000,51500
NORTE,FOSFATO DE OSELTAMIVIR 45MG,INFLUENZA,ER,3000,2021-03-24 00:00:00.000,51500
NORTE,FOSFATO DE OSELTAMIVIR 75MG,INFLUENZA,ER,1500,2020-08-05 00:00:00.000,51500
NORTE,FOSFATO DE OSELTAMIVIR 75MG,INFLUENZA,ER,2000,2020-09-14 00:00:00.000,51500
NORTE,FOSFATO DE OSELTAMIVIR 75MG,INFLUENZA,ER,3000,2020-01-17 00:00:00.000,51500
NORTE,FOSFATO DE OSELTAMIVIR 75MG,INFLUENZA,ER,3000,2021-03-24 00:00:00.000,51500
NORTE,FOSFATO DE OSELTAMIVIR 75MG,INFLUENZA,ER,5000,2020-04-06 00:00:00.000,51500
NORTE,FOSFATO DE OSELTAMIVIR 75MG,INFLUENZA,ER,9000,2020-07-31 00:00:00.000,51500
NORTE,FOSFATO DE OSELTAMIVIR 75MG,INFLUENZA,ER,10000,2020-12-14 00:00:00.000,51500
